NCT Number,Study Title,Study URL,Study Status,Brief Summary,Study Results,Conditions,Interventions,Primary Outcome Measures,Secondary Outcome Measures,Sponsor,Collaborators,Study Type,Start Date,Completion Date,Results First Posted,Locations,cleaned_text,disease_names,topic
NCT00072579,Sargramostim in Treating Patients With Chronic Phase Chronic Myelogenous Leukemia Who Are Not in Complete Cytogenetic Remission Following Initial Treatment,https://clinicaltrials.gov/study/NCT00072579,COMPLETED,"RATIONALE: Colony-stimulating factors, such as sargramostim, may increase the number of immune cells found in bone marrow or peripheral blood and may bring about complete remission in patients who have chronic phase chronic myelogenous leukemia.

PURPOSE: This phase II trial is studying sargramostim to see how well it works in treating patients with chronic phase chronic myelogenous leukemia that is not in complete cytogenetic remission after initial treatment.",NO,Leukemia,BIOLOGICAL: sargramostim,Cytogenetic response (complete and partial),Toxicity as assessed by the Expanded Common Toxicity Criteria v2.0|Time to progression|Survival,Wake Forest University Health Sciences,National Cancer Institute (NCI),INTERVENTIONAL,2003-05,2007-12,,"CCOP - Western Regional, Arizona, Phoenix, Arizona, 85006-2726, United States|CCOP - Bay Area Tumor Institute, Oakland, California, 94609-3305, United States|CCOP - Mount Sinai Medical Center, Miami Beach, Florida, 33140, United States|Regional Radiation Oncology Center at Rome, Rome, Georgia, 30165, United States|CCOP - Central Illinois, Decatur, Illinois, 62526, United States|Kentuckiana Cancer Institute, PLLC, Louisville, Kentucky, 40202, United States|MBCCOP - LSU Health Sciences Center, New Orleans, Louisiana, 70112, United States|Alamance Cancer Center, Burlington, North Carolina, 27216, United States|Hugh Chatham Memorial Hospital, Elkin, North Carolina, 28621, United States|Southeastern Medical Oncology Center, Goldsboro, North Carolina, 27534-9479, United States|Brody School of Medicine at East Carolina University, Greenville, North Carolina, 27858, United States|Comprehensive Cancer Center at Wake Forest University, Winston-Salem, North Carolina, 27157-1096, United States|CCOP - Columbus, Columbus, Ohio, 43206, United States|Cancer Centers of the Carolinas - Eastside, Greenville, South Carolina, 29615, United States|CCOP - Upstate Carolina, Spartanburg, South Carolina, 29303, United States","RATIONALE: Colony-stimulating factors, such as sargramostim, may increase the number of immune cells found in bone marrow or peripheral blood and may bring about complete remission in patients who have chronic phase chronic myelogenous leukemia.

PURPOSE: This phase II trial is studying sargramostim to see how well it works in treating patients with chronic phase chronic myelogenous leukemia that is not in complete cytogenetic remission after initial treatment. Leukemia",,1
NCT00517179,Effect of Vardenafil on Blood Pressure in Patients With Erectile Dysfunction Who Received Concomitant Doxazosin GITS,https://clinicaltrials.gov/study/NCT00517179,COMPLETED,The purpose of this study is to investigate the interaction between doxazosin GITS and vardenafil on blood pressure (Both systolic and diastolic blood pressure) in patients with both ED and BPH.,NO,Prostatic Hyperplasia|Impotence,DRUG: Vardenafil 10mg,"Mean maximal change of the standing systolic blood pressure (SBP) from half hour prior to till six hour after administration of the drug (baseline) with vardenafil administration versus placebo, From half hour prior to till six hour after administration of the drug (baseline)","Mean maximal post-baseline change of the standing and supine diastolic blood pressure (DBP), From half hour prior to till six hour after administration of the drug (baseline)|Mean maximal post-baseline change supine SBP, and (3) the pattern of changes of the SBP and DBP from half hour prior to till six hours after administration of the drug, From half hour prior to till six hour after administration of the drug (baseline)","Hospital Authority, Hong Kong",,INTERVENTIONAL,2006-04,2007-05,,"Prince of Wales Hospital, Hong Kong, China",The purpose of this study is to investigate the interaction between doxazosin GITS and vardenafil on blood pressure (Both systolic and diastolic blood pressure) in patients with both ED and BPH. Prostatic Hyperplasia|Impotence,,1
NCT00812279,Investigate the Exposure to Selected Smoke Constituents in Smokers Switching to Distillation Based Smoking Article,https://clinicaltrials.gov/study/NCT00812279,COMPLETED,"The overall purpose of this clinical study conducted in confinement under well-defined conditions is to obtain initial data on the levels of human body exposure to selected smoked constituents of the SMAR cigarette.

The main objective of this study is to compare the biomarkers of exposure to cigarette smoke constituents in smokers switching to SMAR and to biomarkers in smokers of conventional cigarettes (CC). The biomarkers of exposure will be measured in blood and urine samples collected from the subjects. Moreover, the biomarkers in subjects smoking conventional or SMAR cigarettes will be compared with those biomarkers in smokers who stop smoking for 5 days. The short term safety of this new product will also be evaluated.",NO,Smoking,OTHER: Distillation based smoking article (SMAR cigarette)|OTHER: conventional cigarette|OTHER: smoking cessation,"To demonstrate a reduction in the three primary biomarkers of exposure: Carboxyhaemoglobin concentration in blood, Urinary excretion of S-phenylmercapturic acid and urinary excretion of NNAL and NNAL-glucuronides (total NNAL), 5 days","To explore changes from baseline COHb, S-PMA, and total NNAL in the three study arms in the course of the study, 5 days|To explore changes from baseline in the three study arms with regard to urinary excretion of biomarkers of exposure to several other smoke constituents., 5 days|To assess urinary excretion of nicotine and its five major nicotine metabolites in the three study arms, 5 days|To assess nicotine and cotinine concentrations in plasma in the three study arms To compare levels of all biomarkers of exposure in the SMAR arm to those in the smoking cessation (SC) arm, 5 days|To assess the mutagenicity potential in urine at the end of the study in the three study arms, 5 days|To monitor blood pressure, pulse rate, electrocardiogram, clinical laboratory parameters (standard clinical biochemistry, standard haematology and urine analysis), and adverse events, 5 days|To investigate craving and withdrawal symptoms as well as pulmonary symptoms in all three study arms by means of questionnaires, 5 days|To investigate change in cytochrome P450 1A2 (CYP1A2) activity from D0 to D5 in the three study arms, 5 days|To assess and compare human smoking topography (HST) in smokers before and after switching to SMAR, 5 days",Philip Morris Products S.A.,,INTERVENTIONAL,2008-11,2009-02,,"MTZ Clinical Research Inc., Warsaw, 02-106, Poland","The overall purpose of this clinical study conducted in confinement under well-defined conditions is to obtain initial data on the levels of human body exposure to selected smoked constituents of the SMAR cigarette.

The main objective of this study is to compare the biomarkers of exposure to cigarette smoke constituents in smokers switching to SMAR and to biomarkers in smokers of conventional cigarettes (CC). The biomarkers of exposure will be measured in blood and urine samples collected from the subjects. Moreover, the biomarkers in subjects smoking conventional or SMAR cigarettes will be compared with those biomarkers in smokers who stop smoking for 5 days. The short term safety of this new product will also be evaluated. Smoking",,0
NCT01511679,Brain-imaging and Adolescent Neuroscience Consortium,https://clinicaltrials.gov/study/NCT01511679,WITHDRAWN,This is a multi-site study of adolescents 12-21 years-of-age to evaluate the long and shorter-term effect of adolescent alcohol use on the developing brain.,NO,Alcohol Abuse,,,,Boston Children's Hospital,Massachusetts General Hospital|Mclean Hospital|Massachusetts Institute of Technology,OBSERVATIONAL,2012-09,2017-09,,"McLean Hospital, Belmont, Massachusetts, 02478, United States|Massachusetts General Hospital, Boston, Massachusetts, 02114, United States|Boston University School of Medicine, Boston, Massachusetts, 02118, United States|Massachusetts Institute of Technology, Cambridge, Massachusetts, 02139, United States",This is a multi-site study of adolescents 12-21 years-of-age to evaluate the long and shorter-term effect of adolescent alcohol use on the developing brain. Alcohol Abuse,,1
NCT05602779,Leverage Noninvasive Transcutaneous Vagus Nerve Stimulation to Reduce Suicidal Behaviors in Vulnerable Adolescents,https://clinicaltrials.gov/study/NCT05602779,RECRUITING,"Suicidal thoughts, suicide attempts, and suicide are increasingly common in adolescence.

Current face-to-face prevention approaches are of limited effectiveness, rely on extensive resources, and are at odds with adolescents' digital preferences. We will evaluate two unconventional but promising interventions delivered to 13- to 17-year-olds: transcutaneous vagus nerve stimulation to target emotion dysregulation, and a peer-support smartphone app to combat social isolation. If effective, these digitally-delivered interventions could reach far more adolescents at far lower cost than current approaches.",NO,Self Harm|Suicidal Ideation,DEVICE: tVns Program|OTHER: Phone App Program|COMBINATION_PRODUCT: tVNS and Phone App Program|OTHER: Enhanced Treatment as Usual,"Change from Baseline in Non-Suicidal Self Injury Behaviors at 30 Days, Teens will be assessed at the baseline lab visit for emotion regulation and self-harm through questions on the Qualtrics survey (measures are Difficulties in Emotion Regulation Scale and the Youth Self Report). They will also complete a face-to-face interview with a trained staff member to assess their level of non-suicidal self-injury, suicide ideation, and suicide attempts. In addition, we will collect measures of psychophysiological reactivity (heart rate variability, cardiac pre-ejection period) to emotional challenge.

All participants will complete the same tasks at subsequent visits (post-treatment, on-year follow-up) and it is hoped that teens who have used the tVNS device for the 30-day intervention period will show improved responses. For the rate of change, we will use percentile ranking vis-a-vis national norms., 30 Days|Improved Reports of Social Isolation and Loneliness, Each participating teen will complete questions regarding feelings of loneliness and social isolation on the Qualtrics survey while in the lab at each visit. We are using the 8-item UCLA loneliness scale to measure this in each teen.

Some teens will be assigned to using the peer support phone app where they will be matched with another teen in this study. They will play a cooperative game with each other, and be able to text and share thoughts, feelings, etc. with each other. This app will hopefully improve teen's self-reported feelings of isolation and loneliness.

For the rate of change, we will use percentile ranking vis-a-vis national norms., 30 Days|Improved Results from Participant's Typical Treatment, Teens who are not placed in one of the active intervention groups will still be able to access our phone app which allows them to play a non-cooperative game on their own, and they are able to text with our team members during regular business hours. The added support will hopefully help their current treatment plan to improve their thoughts and behaviors in regard to suicidal ideation and self-harm.

For the rate of change, we will use percentile ranking vis-a-vis national norms., 30 Days","Adherence to tVNS and Phone App intervention from Baseline to 30 days., Using data from the Xen device and the phone app, we will be able to determine the number of occurances the device and app were accessed, as well as for how much time each was actively used. Participants will also report on acceptability, obtrusiveness, and favorability of both the device and the phone app., 30 Days",University of Notre Dame,University of Rochester,INTERVENTIONAL,08-10-2023,30-09-2027,,"University of Notre Dame, South Bend, Indiana, 46617, United States","Suicidal thoughts, suicide attempts, and suicide are increasingly common in adolescence.

Current face-to-face prevention approaches are of limited effectiveness, rely on extensive resources, and are at odds with adolescents' digital preferences. We will evaluate two unconventional but promising interventions delivered to 13- to 17-year-olds: transcutaneous vagus nerve stimulation to target emotion dysregulation, and a peer-support smartphone app to combat social isolation. If effective, these digitally-delivered interventions could reach far more adolescents at far lower cost than current approaches. Self Harm|Suicidal Ideation",,1
NCT01126879,Genistein in Treating Patients With Prostate Cancer,https://clinicaltrials.gov/study/NCT01126879,TERMINATED,"RATIONALE: Genistein may stop the growth of tumor cells by blocking some of the enzymes needed for cell growth.

PURPOSE: This randomized phase II trial is studying how well genistein works in treating patients with prostate cancer.",YES,Adenocarcinoma of the Prostate|Recurrent Prostate Cancer|Stage I Prostate Cancer|Stage II Prostate Cancer|Stage III Prostate Cancer,DIETARY_SUPPLEMENT: genistein|OTHER: placebo|PROCEDURE: therapeutic conventional surgery,"Number of Circulating Prostate Cells (CPCs) in the Blood as Determined by qRT-PCR for PSA on RNA Extracted From PBMNCs, Blood will be collected to analyze the number of CPC's at screening, after 1-month of treatment, at surgery and at 1 and 12 months after surgery., At screening, after 1-month of treatment, at surgery and at 1 and 12 months after surgery","Natural History of Circulating Prostate Cells (CPCs) in a Cohort of Subjects Prior to and Post Radical Prostatectomy, Blood will be drawn to analyze the natural history of circulating prostate cells (CPCs) in a cohort of subjects at baseline and 1 and 12 months after surgery., At baseline, 1 and 12 months after surgery|Measure the Effect of Genistein on Select Gene and Protein Expressions in Prostate Tissue, At baseline and time of surgery, tissue will be collected to measure the effect of genistein on select gene and protein expressions in prostate tissue., At baseline and at time of surgery|Measurement of PSA in Serum and Plasma by Nanotechnology, Blood will be collected to measure PSA in serum and plasma by nanotechnology at screening, after 1-month of treatment, at surgery and at 1 and 12 months after surgery., At screening, after 1-month of treatment, at surgery and at 1 and 12 months after surgery",Northwestern University,National Cancer Institute (NCI),INTERVENTIONAL,03-02-2011,28-12-2013,02-07-2019,"Northwestern University, Chicago, Illinois, 60611, United States","RATIONALE: Genistein may stop the growth of tumor cells by blocking some of the enzymes needed for cell growth.

PURPOSE: This randomized phase II trial is studying how well genistein works in treating patients with prostate cancer. Adenocarcinoma of the Prostate|Recurrent Prostate Cancer|Stage I Prostate Cancer|Stage II Prostate Cancer|Stage III Prostate Cancer",,1
NCT03791879,Caudal Dexmedetomidine Analgesia in Pediatrics .,https://clinicaltrials.gov/study/NCT03791879,COMPLETED,"Dexmedetomidine (DEXM) is a highly selective α2-adrenoceptor agonist that has been used increasingly in pediatric anesthesia. This prospective double blinded randomized comparative study is designed to evaluate the analgesic effect of caudal increasing doses of DEXM 0.5 , 1 , 1.5 , 2µg/kg combined with Levobupivacaine (Levob) 0.125% (ED95% =125%=least effective concentration) in providing pain relief over a 24-h period and lowest surgical stress peak. Study hypothesis: Levobupivacaine 0.125 %( ED95) combined with different increasing doses of dexamedatomedine \>1 µg/kg could not add more analgesic \& stress response obtundation outcome, but increase side effects (sedation and hemodynamic depression). The peak cortisol level during urology surgery was at the end of the 1st postoperative (PO) hour. Aim of the Study: To detect the optimal analgesic and safe caudal adjuvant DEXM dose associated with the least side effects\& stress response modulation, guided by PO Cortisol peak difference in between the study groups during pediatric hypospadias surgery.",NO,164 Boys for Hypospadias Surgery Under General Anesthesia With Caudal Block,DRUG: Caudal dexamedatomidine analgesia,"Time to (1st analgesic request objective pain score (OPS) ≥4), time from full recovery till child express moderate pain OPS 4 and ask for the first analgesic dose, Basal (0) till 24 hours.",,Mansoura University,,INTERVENTIONAL,01-01-2019,15-10-2020,,"Anesthesia department,Faculty of medicine, Mansoura univerisety, Mansoura, Egypt","Dexmedetomidine (DEXM) is a highly selective α2-adrenoceptor agonist that has been used increasingly in pediatric anesthesia. This prospective double blinded randomized comparative study is designed to evaluate the analgesic effect of caudal increasing doses of DEXM 0.5 , 1 , 1.5 , 2µg/kg combined with Levobupivacaine (Levob) 0.125% (ED95% =125%=least effective concentration) in providing pain relief over a 24-h period and lowest surgical stress peak. Study hypothesis: Levobupivacaine 0.125 %( ED95) combined with different increasing doses of dexamedatomedine \>1 µg/kg could not add more analgesic \& stress response obtundation outcome, but increase side effects (sedation and hemodynamic depression). The peak cortisol level during urology surgery was at the end of the 1st postoperative (PO) hour. Aim of the Study: To detect the optimal analgesic and safe caudal adjuvant DEXM dose associated with the least side effects\& stress response modulation, guided by PO Cortisol peak difference in between the study groups during pediatric hypospadias surgery. 164 Boys for Hypospadias Surgery Under General Anesthesia With Caudal Block",,0
NCT05531279,A Study of PEG-rhG-CSF and rhG-CSF Used for Aplastic Anemia Granulocyte Deficiency,https://clinicaltrials.gov/study/NCT05531279,RECRUITING,"This study was a single-center,open-label,randomized,dose-exploring prospective study.Patients with granulocytotic aplastic anemia who received cytokine treatment with PEG-rhG-CSF or rhG-CSF were enrolled.Clinical demographic data,disease characteristics of aplastic anemia,clinical diagnosis and treatment,laboratory data and adverse events were collected to explore the dose and safety of PEG-rhG-CSF and rhG-CSF in patients with severe aplastic anemia.",NO,Severe Aplastic Anemia,DRUG: PEG-rhG-CSF,"total number of effective (ANC>0.5×109/L) days, total number of effective (ANC\>0.5×109/L) days during 2 weeks of treatment(cases×days)., 2 weeks",,"Institute of Hematology & Blood Diseases Hospital, China",,INTERVENTIONAL,05-06-2022,05-01-2026,,"Institute of Hematology & Blood Diseases Hospital, Chinese Academy of Medical Sciences, Tianjin, Tianjin, 300020, China","This study was a single-center,open-label,randomized,dose-exploring prospective study.Patients with granulocytotic aplastic anemia who received cytokine treatment with PEG-rhG-CSF or rhG-CSF were enrolled.Clinical demographic data,disease characteristics of aplastic anemia,clinical diagnosis and treatment,laboratory data and adverse events were collected to explore the dose and safety of PEG-rhG-CSF and rhG-CSF in patients with severe aplastic anemia. Severe Aplastic Anemia",,1
NCT00684879,Screening Behavior in Adults With Hereditary Hemorrhagic Telangiectasia,https://clinicaltrials.gov/study/NCT00684879,COMPLETED,"This study will explore the factors that influence screening behaviors of adults diagnosed with hereditary hemorrhagic telangiectasia (HHT), an inherited condition in which blood vessel defects called arteriovenous malformations (AVMs) result in direct connections between arteries and veins. Patients most commonly have small AVMs called telangiectases on the tongue, face, hands, mouth, and throat and the mucosal linings of the nose and gastrointestinal tract. Recurrent nosebleeds are a hallmark of the disease. Large AVMs can also occur in various organs, causing sudden and life-threatening complications.

The study will examine how patients think and feel about their condition and what actions they take to screen for internal symptoms of the disease.

Men and women 18 years of age and older who have HHT may be eligible for this study. Participants fill out a 30-minute questionnaire, available in print or online, that includes questions about the participant s

* beliefs about HHT
* actions taken to screen for internal symptoms of HHT
* experience with HHT
* current health status, family history and demographic information",NO,"Osler-Rendu-Weber Disease|Osler-Rendu Disease|Telangiectasia, Hereditary Hemorrhagic",,,,National Human Genome Research Institute (NHGRI),,OBSERVATIONAL,21-05-2008,07-01-2016,,"National Human Genome Research Institute (NHGRI), 9000 Rockville Pike, Bethesda, Maryland, 20892, United States","This study will explore the factors that influence screening behaviors of adults diagnosed with hereditary hemorrhagic telangiectasia (HHT), an inherited condition in which blood vessel defects called arteriovenous malformations (AVMs) result in direct connections between arteries and veins. Patients most commonly have small AVMs called telangiectases on the tongue, face, hands, mouth, and throat and the mucosal linings of the nose and gastrointestinal tract. Recurrent nosebleeds are a hallmark of the disease. Large AVMs can also occur in various organs, causing sudden and life-threatening complications.

The study will examine how patients think and feel about their condition and what actions they take to screen for internal symptoms of the disease.

Men and women 18 years of age and older who have HHT may be eligible for this study. Participants fill out a 30-minute questionnaire, available in print or online, that includes questions about the participant s

* beliefs about HHT
* actions taken to screen for internal symptoms of HHT
* experience with HHT
* current health status, family history and demographic information Osler-Rendu-Weber Disease|Osler-Rendu Disease|Telangiectasia, Hereditary Hemorrhagic",,0
NCT05591079,"A Study to Assess the Safety, Tolerability, Pharmacokinetics and Efficacy of CS0159 in Subjects With NASH",https://clinicaltrials.gov/study/NCT05591079,COMPLETED,"A randomized, double-blind study to assess the safety, tolerability, PK and efficacy of CS0159 in subjects with Non-Alcoholic Steatohepatitis (NASH)",NO,Nonalcoholic Steatohepatitis (NASH),DRUG: CS0159 (Linafexor),"MRI-PDFF, To assess the changes in liver steatosis through magnetic resonance imaging (MRI) proton density fat fraction (PDFF) from baseline to Week 12, Week 12|Adverse events, To evaluate the safety and tolerability of CS0159 in patients with NASH treated over 12 weeks, Week 12","Cmax, maximum concentration (Cmax) from baseline to Week 12, week 6, week 12|tmax, time to maximum plasma concentration (tmax) from baseline to Week 12, week 6, week 12|t1/2, half-life (t1/2) from baseline to Week 12, week 6, week 12|AUC, accumulation ratio of area under the concentration-time curve (AUC) in plasma from baseline to Week 12, week 6, week 12|Pharmacodynamics (PD), Plasma concentrations and PD parameters of the biomarkers of FXR target engagement fibroblast growth factor 19 and 7α-hydroxy-4-cholesten-3-one (C4) from baseline to Week 12, week 6, week 12","Cascade Pharmaceuticals, Inc",Laboratory Corporation of America,INTERVENTIONAL,10-02-2023,09-11-2023,,"National Research Institute - Gardena, Gardena, California, 90247-3586, United States|Velocity Clinical Research, Huntington Park, Huntington Park, California, 90255-2959, United States|Velocity Clinical Research - Panorama City, Panorama City, California, 91402-3022, United States|Velocity Clinical Research - Santa Ana, Santa Ana, California, 92704, United States|Ocala GI Research, Lady Lake, Florida, 32159, United States|Florida Research Institute, Lakewood, Florida, 34211-4930, United States|Floridian Clinical Research, LLC - Miami Lakes, Miami Lakes, Florida, 33016-1518, United States|San Marcus Research Clinic, Inc - Miami, Miami, Florida, 33014-5602, United States|Gastroenterology Associates of Ocala, Ocala, Florida, 34471, United States|Oracle Clinical Research, College Park, Georgia, 30349, United States|Metropolitan Gastroenterology Associates - Westbank Office and Endoscopy, Marrero, Louisiana, 70072, United States|Raja M. Din MD, PLLC - Gastroenterology & Hepatology, Greenbelt, Maryland, 20770-6702, United States|Lucas Research, Morehead City, North Carolina, 28557, United States|Texas Liver Institute (TLI) - Austin, Austin, Texas, 78757-7571, United States|Pioneer Research Solutions Inc - Houston - Stancliff Rd, Houston, Texas, 77099-4307, United States|The Texas Liver Institute, Inc., San Antonio, Texas, 78215, United States|Clinical Trials of Texas, LLC, San Antonio, Texas, 78229, United States","A randomized, double-blind study to assess the safety, tolerability, PK and efficacy of CS0159 in subjects with Non-Alcoholic Steatohepatitis (NASH) Nonalcoholic Steatohepatitis (NASH)",,1
NCT01353079,Efficacy and Safety Study Of Short Ragweed Pollen Sublingual-Oral Immunotherapy,https://clinicaltrials.gov/study/NCT01353079,COMPLETED,The primary objective of this study is to demonstrate that SLIT administered pre-and co-seasonally is effective in reducing rhinoconjunctivitis symptoms during the entire short ragweed pollen season.,YES,Allergy,BIOLOGICAL: Short Ragweed Pollen Allergenic Extract|BIOLOGICAL: Placebo,"Scores on a Scale [Net Average Combined Daily Rhinoconjunctivitis Symptom (RSS) and Medication Scores], Change in baseline in avg combined daily RSS and medication scores during entire ragweed season in ITT population. Symptom score: sum of scores from 8 symptoms rated 0-3 (0=absent, 1=mild, 2=moderate, 3=severe), ocular (itchiness, swelling/redness, and watery eyes/tears), nasal (sneezing, itching, runny and stuffy nose), and ears (itching). Avg daily RSS computed by: (1) summing 8 individual allergy symptoms recorded in AM and PM; (2) forming daily RSS by summing AM and PM RSS for each day of ragweed season; (3) averaging daily RSS for entire ragweed season.Total allergy relief medication score computed by summing individual medication scores. Relief medication scores: 0-no medication taken; 1-using once daily oral antihistamine; 1-using once daily ocular antihistamine; 1-treatment with albuterol. Maximum medication score dependent on cumulative rescue medication use. Lower result is more favorable. Avg daily Combined Score Range: 0 (min) - 51 (max); lower score was more favorable., 2011 ragweed pollen season, 8/2011 -10/2011","Scores on a Scale (Net Average Combined Daily Rhinoconjunctivitis Symptom and Medication Scores Reported During the Three Peak Weeks of Ragweed Pollen Season), Symptom score: sum of scores from 8 symptoms rated 0-3 (0=absent, 1=mild, 2=moderate, 3=severe), ocular (itchiness, swelling/redness, watery eyes/tears), nasal (sneezing, itching, runny, stuffy nose), and ears (itching). Avg daily RSS computed by summing 8 individual allergy symptoms recorded in AM and PM; forming daily RSS by summing AM and PM RSS for each day; averaging daily RSS for three peak weeks. Total allergy relief medication score computed by summing individual medication scores. Relief medication scores: 0-no medication taken; 1-using once daily oral antihistamine; 1-using once daily ocular antihistamine; 1-treatment with albuterol. Max medication score dependent on cumulative rescue medication use. Lower result, more favorable. Three peak weeks of ragweed pollen counts during entire ragweed season was contiguous and calculated using a moving average of ragweed pollen counts for each week. Avg daily Combined Score Range: 0 (min) - 51 (max); lower score was more favorable., 3 peak weeks of the 2011 ragweed pollen season|Scores of a Scale (Average Daily Rhinoconjunctivitis Symptom Scores During the Entire Ragweed Pollen Season), Change in baseline in avg daily RSS during entire ragweed season in ITT population. Symptom score: sum of scores from 8 symptoms rated 0-3 (0=absent, 1=mild, 2=moderate, 3=severe), ocular (itchiness, swelling/redness, and watery eyes/tears), nasal (sneezing, itching, runny and stuffy nose), and ears (itching). Avg daily RSS Total Score Range: 0 (min) - 48 (max); lower score was more favorable. Avg daily RSS computed by: (1) summing 8 individual allergy symptoms recorded in AM and PM; (2) forming daily RSS by summing AM and PM RSS for each day of ragweed season; (3) averaging daily RSS for entire ragweed season., 2011 ragweed pollen season; 8/2011 - 10/2011|Scores on a Scale (Average Daily Rhinoconjunctivitis Symptom Scores During the Three Peak Weeks of Ragweed Pollen Season), Change from baseline in avg daily rhinoconjunctivitis symptom scores during the three peak weeks of ragweed pollen season for the ITT population (netpRSS).

Symptom score: sum of scores from 8 symptoms rated 0-3 (0=absent, 1=mild, 2=moderate, 3=severe), ocular (itchiness, swelling/redness, and watery eyes/tears), nasal (sneezing, itching, runny and stuffy nose), and ears (itching). Avg daily RSS Total Score Range: 0 (min) - 48 (max); lower score was more favorable. Avg daily RSS computed by: (1) summing 8 individual allergy symptoms recorded in AM and PM; (2) forming daily RSS by summing AM and PM RSS for each day of ragweed season; (3) averaging daily RSS for three peak weeks of ragweed pollen season., 3 peak weeks of the 2011 ragweed pollen season",Greer Laboratories,,INTERVENTIONAL,2011-04,2012-04,05-02-2015,"Site 7, Warrenton, Virginia, 20186, United States",The primary objective of this study is to demonstrate that SLIT administered pre-and co-seasonally is effective in reducing rhinoconjunctivitis symptoms during the entire short ragweed pollen season. Allergy,,1
NCT03793179,Testing the Timing of Pembrolizumab Alone or With Chemotherapy as First Line Treatment and Maintenance in Non-small Cell Lung Cancer,https://clinicaltrials.gov/study/NCT03793179,ACTIVE_NOT_RECRUITING,"This phase III trial studies whether pembrolizumab alone as a first-line treatment, followed by pemetrexed and carboplatin with or without pembrolizumab after disease progression is superior to induction with pembrolizumab, pemetrexed and carboplatin followed by pembrolizumab and pemetrexed maintenance in treating patients with stage IV non-squamous non-small cell lung cancer. Immunotherapy with monoclonal antibodies, such as pembrolizumab, may help the body's immune system attack the cancer, and may interfere with the ability of tumor cells to grow and spread. Chemotherapy drugs, such as pemetrexed, work in different ways to stop the growth of tumor cells, either by killing the cells, by stopping them from dividing, or by stopping them from spreading. Carboplatin is in a class of medications known as platinum-containing compounds. It works in a way similar to the anticancer drug cisplatin, but may be better tolerated than cisplatin. Carboplatin works by killing, stopping or slowing the growth of cancer cells. It is not yet known whether giving first-line pembrolizumab followed by pemetrexed and carboplatin with or without pembrolizumab works better in treating patients with non-squamous non-small cell cancer.",NO,Lung Non-Squamous Non-Small Cell Carcinoma|Stage IIIB Lung Cancer AJCC v8|Stage IIIC Lung Cancer AJCC v8|Stage IV Lung Cancer AJCC v8,PROCEDURE: Biospecimen Collection|DRUG: Carboplatin|PROCEDURE: Computed Tomography|PROCEDURE: Magnetic Resonance Imaging|BIOLOGICAL: Pembrolizumab|DRUG: Pemetrexed|PROCEDURE: Positron Emission Tomography,"Overall survival (OS), OS distributions will be estimated using the Kaplan-Meier method., From randomization to death from any cause, assessed up to 5 years post treatment","Progression-free survival (PFS), PFS distributions will be estimated using the Kaplan-Meier method., From randomization to documented disease progression or death from any cause, assessed up to 5 years post treatment|Best objective response, Best objective response will be evaluated via Response Evaluation Criteria in Solid Tumors 1.1 criteria., Up to 5 years post treatment|Incidence of adverse events, Toxicities will be reported via the Common Terminology Criteria for Adverse Events criteria version 5.0. Toxicity rates between arms in the overall population will be compared using Fisher's exact tests with a one-sided type I error rate of 1.25%; multivariable logistic regression modeling will be used to adjust for the effect of any covariates that are associated with these categorical outcomes., Up to 30 days post treatment|PD-L1 positivity, PD-L1 positivity will be defined as \>= 1% Tumor Proportion Score (TPS) for the purpose of enrollment onto the trial. Strongly PD-L1 positive is defined as \>= 50% TPS; weakly positive is defined as 1% - 49% TPS., At baseline",National Cancer Institute (NCI),,INTERVENTIONAL,05-04-2019,31-12-2028,,"University of South Alabama Mitchell Cancer Institute, Mobile, Alabama, 36688, United States|Anchorage Associates in Radiation Medicine, Anchorage, Alaska, 98508, United States|Anchorage Radiation Therapy Center, Anchorage, Alaska, 99504, United States|Alaska Breast Care and Surgery LLC, Anchorage, Alaska, 99508, United States|Alaska Oncology and Hematology LLC, Anchorage, Alaska, 99508, United States|Alaska Women's Cancer Care, Anchorage, Alaska, 99508, United States|Anchorage Oncology Centre, Anchorage, Alaska, 99508, United States|Katmai Oncology Group, Anchorage, Alaska, 99508, United States|Providence Alaska Medical Center, Anchorage, Alaska, 99508, United States|Fairbanks Memorial Hospital, Fairbanks, Alaska, 99701, United States|Kingman Regional Medical Center, Kingman, Arizona, 86401, United States|Cancer Center at Saint Joseph's, Phoenix, Arizona, 85004, United States|University of Arizona Cancer Center-Orange Grove Campus, Tucson, Arizona, 85704, United States|Banner University Medical Center - Tucson, Tucson, Arizona, 85719, United States|University of Arizona Cancer Center-North Campus, Tucson, Arizona, 85719, United States|Mercy Hospital Fort Smith, Fort Smith, Arkansas, 72903, United States|CHI Saint Vincent Cancer Center Hot Springs, Hot Springs, Arkansas, 71913, United States|NEA Baptist Memorial Hospital and Fowler Family Cancer Center - Jonesboro, Jonesboro, Arkansas, 72401, United States|CARTI Cancer Center, Little Rock, Arkansas, 72205, United States|Kaiser Permanente-Anaheim, Anaheim, California, 92806, United States|Kaiser Permanente-Deer Valley Medical Center, Antioch, California, 94531, United States|Mission Hope Medical Oncology - Arroyo Grande, Arroyo Grande, California, 93420, United States|PCR Oncology, Arroyo Grande, California, 93420, United States|Sutter Auburn Faith Hospital, Auburn, California, 95602, United States|Sutter Cancer Centers Radiation Oncology Services-Auburn, Auburn, California, 95603, United States|Kaiser Permanente-Baldwin Park, Baldwin Park, California, 91706, United States|Kaiser Permanente-Bellflower, Bellflower, California, 90706, United States|Alta Bates Summit Medical Center-Herrick Campus, Berkeley, California, 94704, United States|Tower Cancer Research Foundation, Beverly Hills, California, 90211, United States|Providence Saint Joseph Medical Center/Disney Family Cancer Center, Burbank, California, 91505, United States|Mills-Peninsula Medical Center, Burlingame, California, 94010, United States|Sutter Cancer Centers Radiation Oncology Services-Cameron Park, Cameron Park, California, 95682, United States|Mercy Cancer Center - Carmichael, Carmichael, California, 95608, United States|Mercy San Juan Medical Center, Carmichael, California, 95608, United States|Eden Hospital Medical Center, Castro Valley, California, 94546, United States|Sutter Davis Hospital, Davis, California, 95616, United States|Kaiser Permanente Dublin, Dublin, California, 94568, United States|21st Century Oncology - El Segundo, El Segundo, California, 90245, United States|Mercy Cancer Center - Elk Grove, Elk Grove, California, 95758, United States|Kaiser Permanente-Fontana, Fontana, California, 92335, United States|Kaiser Permanente-Fremont, Fremont, California, 94538, United States|Palo Alto Medical Foundation-Fremont, Fremont, California, 94538, United States|Fresno Cancer Center, Fresno, California, 93720, United States|Kaiser Permanente-Fresno, Fresno, California, 93720, United States|Kaiser Permanente - Harbor City, Harbor City, California, 90710, United States|Kaiser Permanente-Irvine, Irvine, California, 92618, United States|UC San Diego Moores Cancer Center, La Jolla, California, 92093, United States|Kaiser Permanente Los Angeles Medical Center, Los Angeles, California, 90027, United States|Kaiser Permanente West Los Angeles, Los Angeles, California, 90034, United States|Cedars Sinai Medical Center, Los Angeles, California, 90048, United States|Fremont - Rideout Cancer Center, Marysville, California, 95901, United States|Mercy Cancer Center, Merced, California, 95340, United States|Memorial Medical Center, Modesto, California, 95355, United States|Kaiser Permanente-Modesto, Modesto, California, 95356, United States|Palo Alto Medical Foundation-Camino Division, Mountain View, California, 94040, United States|Palo Alto Medical Foundation-Gynecologic Oncology, Mountain View, California, 94040, United States|Sutter Cancer Research Consortium, Novato, California, 94945, United States|Kaiser Permanente Oakland-Broadway, Oakland, California, 94611, United States|Kaiser Permanente-Oakland, Oakland, California, 94611, United States|Kaiser Permanente-Ontario, Ontario, California, 91761, United States|Saint Joseph Hospital - Orange, Orange, California, 92868, United States|Palo Alto Medical Foundation Health Care, Palo Alto, California, 94301, United States|VA Palo Alto Health Care System, Palo Alto, California, 94304, United States|Kaiser Permanente - Panorama City, Panorama City, California, 91402, United States|Kaiser Permanente-Rancho Cordova Cancer Center, Rancho Cordova, California, 95670, United States|Kaiser Permanente- Marshall Medical Offices, Redwood City, California, 94063, United States|Kaiser Permanente-Redwood City, Redwood City, California, 94063, United States|Kaiser Permanente-Richmond, Richmond, California, 94801, United States|Kaiser Permanente-Riverside, Riverside, California, 92505, United States|Mercy Cancer Center - Rocklin, Rocklin, California, 95765, United States|Rohnert Park Cancer Center, Rohnert Park, California, 94928, United States|Kaiser Permanente-Roseville, Roseville, California, 95661, United States|Sutter Cancer Centers Radiation Oncology Services-Roseville, Roseville, California, 95661, United States|Sutter Roseville Medical Center, Roseville, California, 95661, United States|The Permanente Medical Group-Roseville Radiation Oncology, Roseville, California, 95678, United States|Kaiser Permanente Downtown Commons, Sacramento, California, 95814, United States|Mercy Cancer Center - Sacramento, Sacramento, California, 95816, United States|Sutter Medical Center Sacramento, Sacramento, California, 95816, United States|University of California Davis Comprehensive Cancer Center, Sacramento, California, 95817, United States|Kaiser Permanente-South Sacramento, Sacramento, California, 95823, United States|South Sacramento Cancer Center, Sacramento, California, 95823, United States|Saint Helena Hospital, Saint Helena, California, 94574, United States|UC San Diego Medical Center - Hillcrest, San Diego, California, 92103, United States|Kaiser Permanente-San Diego Mission, San Diego, California, 92108, United States|Kaiser Permanente-San Diego Zion, San Diego, California, 92120, United States|Zuckerberg San Francisco General Hospital, San Francisco, California, 94110, United States|California Pacific Medical Center-Pacific Campus, San Francisco, California, 94115, United States|Kaiser Permanente-San Francisco, San Francisco, California, 94115, United States|Kaiser Permanente-Santa Teresa-San Jose, San Jose, California, 95119, United States|Kaiser Permanente San Leandro, San Leandro, California, 94577, United States|Pacific Central Coast Health Center-San Luis Obispo, San Luis Obispo, California, 93401, United States|Kaiser Permanente-San Marcos, San Marcos, California, 92078, United States|Kaiser San Rafael-Gallinas, San Rafael, California, 94903, United States|Kaiser Permanente Medical Center - Santa Clara, Santa Clara, California, 95051, United States|Palo Alto Medical Foundation-Santa Cruz, Santa Cruz, California, 95065, United States|Mission Hope Medical Oncology - Santa Maria, Santa Maria, California, 93444, United States|Kaiser Permanente-Santa Rosa, Santa Rosa, California, 95403, United States|Sutter Pacific Medical Foundation, Santa Rosa, California, 95403, United States|Kaiser Permanente Cancer Treatment Center, South San Francisco, California, 94080, United States|Kaiser Permanente-South San Francisco, South San Francisco, California, 94080, United States|Kaiser Permanente-Stockton, Stockton, California, 95210, United States|Palo Alto Medical Foundation-Sunnyvale, Sunnyvale, California, 94086, United States|Cedars-Sinai Cancer - Tarzana, Tarzana, California, 91356, United States|Torrance Memorial Physician Network - Cancer Care, Torrance, California, 90505, United States|Torrance Memorial Medical Center, Torrance, California, 90509, United States|Sutter Cancer Centers Radiation Oncology Services-Vacaville, Vacaville, California, 95687, United States|Kaiser Permanente Medical Center-Vacaville, Vacaville, California, 95688, United States|Kaiser Permanente-Vallejo, Vallejo, California, 94589, United States|Sutter Solano Medical Center/Cancer Center, Vallejo, California, 94589, United States|Kaiser Permanente-Walnut Creek, Walnut Creek, California, 94596, United States|Kaiser Permanente-Woodland Hills, Woodland Hills, California, 91367, United States|Woodland Memorial Hospital, Woodland, California, 95695, United States|Rocky Mountain Cancer Centers-Aurora, Aurora, Colorado, 80012, United States|The Medical Center of Aurora, Aurora, Colorado, 80012, United States|UCHealth University of Colorado Hospital, Aurora, Colorado, 80045, United States|Boulder Community Hospital, Boulder, Colorado, 80301, United States|Boulder Community Foothills Hospital, Boulder, Colorado, 80303, United States|Rocky Mountain Cancer Centers-Boulder, Boulder, Colorado, 80304, United States|Rocky Mountain Cancer Centers - Centennial, Centennial, Colorado, 80112, United States|Penrose-Saint Francis Healthcare, Colorado Springs, Colorado, 80907, United States|Rocky Mountain Cancer Centers-Penrose, Colorado Springs, Colorado, 80907, United States|Saint Francis Cancer Center, Colorado Springs, Colorado, 80923, United States|Cancer Center of Colorado at Sloan's Lake, Denver, Colorado, 80204, United States|Kaiser Permanente-Franklin, Denver, Colorado, 80205, United States|National Jewish Health-Main Campus, Denver, Colorado, 80206, United States|The Women's Imaging Center, Denver, Colorado, 80209, United States|Porter Adventist Hospital, Denver, Colorado, 80210, United States|Colorado Blood Cancer Institute, Denver, Colorado, 80218, United States|Presbyterian - Saint Lukes Medical Center - Health One, Denver, Colorado, 80218, United States|Rocky Mountain Cancer Centers-Midtown, Denver, Colorado, 80218, United States|SCL Health Saint Joseph Hospital, Denver, Colorado, 80218, United States|Rocky Mountain Cancer Centers-Rose, Denver, Colorado, 80220, United States|Rose Medical Center, Denver, Colorado, 80220, United States|Western Surgical Care, Denver, Colorado, 80220, United States|Mercy Medical Center, Durango, Colorado, 81301, United States|Southwest Oncology PC, Durango, Colorado, 81301, United States|Mountain Blue Cancer Care Center - Swedish, Englewood, Colorado, 80113, United States|Rocky Mountain Cancer Centers - Swedish, Englewood, Colorado, 80113, United States|Swedish Medical Center, Englewood, Colorado, 80113, United States|The Melanoma and Skin Cancer Institute, Englewood, Colorado, 80113, United States|Poudre Valley Hospital, Fort Collins, Colorado, 80524, United States|Cancer Care and Hematology-Fort Collins, Fort Collins, Colorado, 80528, United States|Mountain Blue Cancer Care Center, Golden, Colorado, 80401, United States|National Jewish Health-Western Hematology Oncology, Golden, Colorado, 80401, United States|Saint Mary's Hospital and Regional Medical Center, Grand Junction, Colorado, 81501, United States|Grand Valley Oncology, Grand Junction, Colorado, 81505, United States|Banner North Colorado Medical Center, Greeley, Colorado, 80631, United States|UCHealth Greeley Hospital, Greeley, Colorado, 80631, United States|UCHealth Highlands Ranch Hospital, Highlands Ranch, Colorado, 80129, United States|Good Samaritan Medical Center, Lafayette, Colorado, 80026, United States|Kaiser Permanente-Rock Creek, Lafayette, Colorado, 80026, United States|Rocky Mountain Cancer Centers-Lakewood, Lakewood, Colorado, 80228, United States|Saint Anthony Hospital, Lakewood, Colorado, 80228, United States|Rocky Mountain Cancer Centers-Littleton, Littleton, Colorado, 80120, United States|Littleton Adventist Hospital, Littleton, Colorado, 80122, United States|Kaiser Permanente-Lone Tree, Lone Tree, Colorado, 80124, United States|Rocky Mountain Cancer Centers-Sky Ridge, Lone Tree, Colorado, 80124, United States|Sky Ridge Medical Center, Lone Tree, Colorado, 80124, United States|Longmont United Hospital, Longmont, Colorado, 80501, United States|Rocky Mountain Cancer Centers-Longmont, Longmont, Colorado, 80501, United States|Medical Center of the Rockies, Loveland, Colorado, 80538, United States|Banner McKee Medical Center, Loveland, Colorado, 80539, United States|Parker Adventist Hospital, Parker, Colorado, 80138, United States|Rocky Mountain Cancer Centers-Parker, Parker, Colorado, 80138, United States|Saint Mary Corwin Medical Center, Pueblo, Colorado, 81004, United States|Rocky Mountain Cancer Centers - Pueblo, Pueblo, Colorado, 81008, United States|National Jewish Health-Northern Hematology Oncology, Thornton, Colorado, 80260, United States|Rocky Mountain Cancer Centers-Thornton, Thornton, Colorado, 80260, United States|SCL Health Lutheran Medical Center, Wheat Ridge, Colorado, 80033, United States|Smilow Cancer Hospital-Derby Care Center, Derby, Connecticut, 06418, United States|Smilow Cancer Hospital Care Center-Fairfield, Fairfield, Connecticut, 06824, United States|Smilow Cancer Hospital Care Center - Guilford, Guilford, Connecticut, 06437, United States|Smilow Cancer Hospital Care Center at Saint Francis, Hartford, Connecticut, 06105, United States|Smilow Cancer Center/Yale-New Haven Hospital, New Haven, Connecticut, 06510, United States|Yale University, New Haven, Connecticut, 06520, United States|Yale-New Haven Hospital North Haven Medical Center, North Haven, Connecticut, 06473, United States|Smilow Cancer Hospital-Orange Care Center, Orange, Connecticut, 06477, United States|Smilow Cancer Hospital Care Center at Long Ridge, Stamford, Connecticut, 06902, United States|Stamford Hospital/Bennett Cancer Center, Stamford, Connecticut, 06904, United States|Smilow Cancer Hospital-Torrington Care Center, Torrington, Connecticut, 06790, United States|Smilow Cancer Hospital Care Center-Trumbull, Trumbull, Connecticut, 06611, United States|Smilow Cancer Hospital-Waterbury Care Center, Waterbury, Connecticut, 06708, United States|Smilow Cancer Hospital Care Center - Waterford, Waterford, Connecticut, 06385, United States|Veterans Affairs Connecticut Healthcare System-West Haven Campus, West Haven, Connecticut, 06516, United States|Beebe South Coastal Health Campus, Frankford, Delaware, 19945, United States|Beebe Medical Center, Lewes, Delaware, 19958, United States|Delaware Clinical and Laboratory Physicians PA, Newark, Delaware, 19713, United States|Helen F Graham Cancer Center, Newark, Delaware, 19713, United States|Medical Oncology Hematology Consultants PA, Newark, Delaware, 19713, United States|Christiana Care Health System-Christiana Hospital, Newark, Delaware, 19718, United States|Beebe Health Campus, Rehoboth Beach, Delaware, 19971, United States|TidalHealth Nanticoke / Allen Cancer Center, Seaford, Delaware, 19973, United States|Christiana Care Health System-Wilmington Hospital, Wilmington, Delaware, 19801, United States|MedStar Georgetown University Hospital, Washington, District of Columbia, 20007, United States|MedStar Washington Hospital Center, Washington, District of Columbia, 20010, United States|Sibley Memorial Hospital, Washington, District of Columbia, 20016, United States|George Washington University Medical Center, Washington, District of Columbia, 20037, United States|GenesisCare USA - Aventura FP, Aventura, Florida, 33180, United States|GenesisCare USA - Aventura, Aventura, Florida, 33180, United States|Mount Sinai Comprehensive Cancer Center at Aventura, Aventura, Florida, 33180, United States|GenesisCare USA - Boca Raton FP02, Boca Raton, Florida, 33428, United States|GenesisCare USA - Boca Ration FP06, Boca Raton, Florida, 33431, United States|Holy Cross Hospital, Fort Lauderdale, Florida, 33308, United States|GenesisCare USA - Gladiolus, Fort Myers, Florida, 33908, United States|University of Florida Health Science Center - Gainesville, Gainesville, Florida, 32610, United States|Mayo Clinic in Florida, Jacksonville, Florida, 32224-9980, United States|GenesisCare USA - Key West, Key West, Florida, 33040, United States|GenesisCare USA - Lakewood Ranch, Lakewood Ranch, Florida, 34202, United States|Mount Sinai Medical Center, Miami Beach, Florida, 33140, United States|GenesisCare USA - Palm Beach Gardens, Palm Beach Gardens, Florida, 33410, United States|Sacred Heart Hospital, Pensacola, Florida, 32504, United States|GenesisCare USA - Plantation, Plantation, Florida, 33324, United States|Moffitt Cancer Center-International Plaza, Tampa, Florida, 33607, United States|Moffitt Cancer Center - McKinley Campus, Tampa, Florida, 33612, United States|Moffitt Cancer Center, Tampa, Florida, 33612, United States|Good Samaritan Medical Center, West Palm Beach, Florida, 33401, United States|Cleveland Clinic-Weston, Weston, Florida, 33331, United States|University Cancer and Blood Center LLC, Athens, Georgia, 30607, United States|Emory University Hospital Midtown, Atlanta, Georgia, 30308, United States|Emory University Hospital/Winship Cancer Institute, Atlanta, Georgia, 30322, United States|Emory Saint Joseph's Hospital, Atlanta, Georgia, 30342, United States|Northside Hospital, Atlanta, Georgia, 30342, United States|Augusta Oncology Associates PC-D'Antignac, Augusta, Georgia, 30901, United States|Augusta Oncology Associates PC-Wheeler, Augusta, Georgia, 30909, United States|Augusta University Medical Center, Augusta, Georgia, 30912, United States|Northeast Georgia Medical Center Braselton, Braselton, Georgia, 30517, United States|Atlanta VA Medical Center, Decatur, Georgia, 30033, United States|Northside Hospital - Duluth, Duluth, Georgia, 30096, United States|Northeast Georgia Medical Center-Gainesville, Gainesville, Georgia, 30501, United States|The Longstreet Clinic - Gainesville, Gainesville, Georgia, 30501, United States|Northside Hospital - Gwinnett, Lawrenceville, Georgia, 30046, United States|Lewis Cancer and Research Pavilion at Saint Joseph's/Candler, Savannah, Georgia, 31405, United States|Summit Cancer Care-Candler, Savannah, Georgia, 31405, United States|Suburban Hematology Oncology Associates - Snellville, Snellville, Georgia, 30078, United States|Lewis Hall Singletary Oncology Center, Thomasville, Georgia, 31792, United States|South Georgia Medical Center/Pearlman Cancer Center, Valdosta, Georgia, 31602, United States|Hawaii Cancer Care - Westridge, 'Aiea, Hawaii, 96701, United States|Pali Momi Medical Center, 'Aiea, Hawaii, 96701, United States|Queen's Cancer Center - Pearlridge, 'Aiea, Hawaii, 96701, United States|Straub Pearlridge Clinic, 'Aiea, Hawaii, 96701, United States|The Cancer Center of Hawaii-Pali Momi, 'Aiea, Hawaii, 96701, United States|The Queen's Medical Center - West Oahu, 'Ewa Beach, Hawaii, 96706, United States|Hawaii Cancer Care Inc - Waterfront Plaza, Honolulu, Hawaii, 96813, United States|Island Urology, Honolulu, Hawaii, 96813, United States|Queen's Cancer Cenrer - POB I, Honolulu, Hawaii, 96813, United States|Queen's Medical Center, Honolulu, Hawaii, 96813, United States|Straub Clinic and Hospital, Honolulu, Hawaii, 96813, United States|University of Hawaii Cancer Center, Honolulu, Hawaii, 96813, United States|Hawaii Cancer Care Inc-Liliha, Honolulu, Hawaii, 96817, United States|Hawaii Diagnostic Radiology Services LLC, Honolulu, Hawaii, 96817, United States|Kuakini Medical Center, Honolulu, Hawaii, 96817, United States|Queen's Cancer Center - Kuakini, Honolulu, Hawaii, 96817, United States|The Cancer Center of Hawaii-Liliha, Honolulu, Hawaii, 96817, United States|Kaiser Permanente Moanalua Medical Center, Honolulu, Hawaii, 96819, United States|Kapiolani Medical Center for Women and Children, Honolulu, Hawaii, 96826, United States|Straub Medical Center - Kahului Clinic, Kahului, Hawaii, 96732, United States|Castle Medical Center, Kailua, Hawaii, 96734, United States|Wilcox Memorial Hospital and Kauai Medical Clinic, Lihue, Hawaii, 96766, United States|Saint Alphonsus Cancer Care Center-Boise, Boise, Idaho, 83706, United States|Saint Luke's Cancer Institute - Boise, Boise, Idaho, 83712, United States|Saint Alphonsus Cancer Care Center-Caldwell, Caldwell, Idaho, 83605, United States|Kootenai Health - Coeur d'Alene, Coeur d'Alene, Idaho, 83814, United States|Walter Knox Memorial Hospital, Emmett, Idaho, 83617, United States|Saint Luke's Cancer Institute - Fruitland, Fruitland, Idaho, 83619, United States|Idaho Urologic Institute-Meridian, Meridian, Idaho, 83642, United States|Saint Luke's Cancer Institute - Meridian, Meridian, Idaho, 83642, United States|Saint Luke's Cancer Institute - Nampa, Nampa, Idaho, 83686, United States|Saint Alphonsus Cancer Care Center-Nampa, Nampa, Idaho, 83687, United States|Kootenai Clinic Cancer Services - Post Falls, Post Falls, Idaho, 83854, United States|Kootenai Clinic Cancer Services - Sandpoint, Sandpoint, Idaho, 83864, United States|Saint Luke's Cancer Institute - Twin Falls, Twin Falls, Idaho, 83301, United States|Saint Anthony's Health, Alton, Illinois, 62002, United States|Rush - Copley Medical Center, Aurora, Illinois, 60504, United States|Advocate Good Shepherd Hospital, Barrington, Illinois, 60010, United States|Illinois CancerCare-Bloomington, Bloomington, Illinois, 61704, United States|Loyola Center for Health at Burr Ridge, Burr Ridge, Illinois, 60527, United States|Illinois CancerCare-Canton, Canton, Illinois, 61520, United States|Memorial Hospital of Carbondale, Carbondale, Illinois, 62902, United States|SIH Cancer Institute, Carterville, Illinois, 62918, United States|Illinois CancerCare-Carthage, Carthage, Illinois, 62321, United States|Centralia Oncology Clinic, Centralia, Illinois, 62801, United States|Saint Mary's Hospital, Centralia, Illinois, 62801, United States|Northwestern University, Chicago, Illinois, 60611, United States|Jesse Brown Veterans Affairs Medical Center, Chicago, Illinois, 60612, United States|John H Stroger Jr Hospital of Cook County, Chicago, Illinois, 60612, United States|Rush University Medical Center, Chicago, Illinois, 60612, United States|Swedish Covenant Hospital, Chicago, Illinois, 60625, United States|University of Chicago Comprehensive Cancer Center, Chicago, Illinois, 60637, United States|Advocate Illinois Masonic Medical Center, Chicago, Illinois, 60657, United States|AMG Crystal Lake - Oncology, Crystal Lake, Illinois, 60014, United States|Carle at The Riverfront, Danville, Illinois, 61832, United States|Cancer Care Specialists of Illinois - Decatur, Decatur, Illinois, 62526, United States|Decatur Memorial Hospital, Decatur, Illinois, 62526, United States|Illinois CancerCare-Dixon, Dixon, Illinois, 61021, United States|Advocate Good Samaritan Hospital, Downers Grove, Illinois, 60515, United States|Carle Physician Group-Effingham, Effingham, Illinois, 62401, United States|Crossroads Cancer Center, Effingham, Illinois, 62401, United States|Advocate Sherman Hospital, Elgin, Illinois, 60123, United States|Elmhurst Memorial Hospital, Elmhurst, Illinois, 60126, United States|Illinois CancerCare-Eureka, Eureka, Illinois, 61530, United States|NorthShore University HealthSystem-Evanston Hospital, Evanston, Illinois, 60201, United States|Freeport Memorial Hospital/Leonard C Ferguson Cancer Center, Freeport, Illinois, 61032, United States|Illinois CancerCare-Galesburg, Galesburg, Illinois, 61401, United States|Western Illinois Cancer Treatment Center, Galesburg, Illinois, 61401, United States|NorthShore University HealthSystem-Glenbrook Hospital, Glenview, Illinois, 60026, United States|Advocate South Suburban Hospital, Hazel Crest, Illinois, 60429, United States|NorthShore University HealthSystem-Highland Park Hospital, Highland Park, Illinois, 60035, United States|Edward Hines Jr VA Hospital, Hines, Illinois, 60141, United States|AMITA Health Cancer Institute and Outpatient Center, Hinsdale, Illinois, 60521, United States|Loyola Medicine Homer Glen, Homer Glen, Illinois, 60491, United States|Duly Health and Care Joliet, Joliet, Illinois, 60435, United States|Illinois CancerCare-Kewanee Clinic, Kewanee, Illinois, 61443, United States|Northwestern Medicine Lake Forest Hospital, Lake Forest, Illinois, 60045, United States|AMG Libertyville - Oncology, Libertyville, Illinois, 60048, United States|Condell Memorial Hospital, Libertyville, Illinois, 60048, United States|Illinois CancerCare-Macomb, Macomb, Illinois, 61455, United States|Carle Physician Group-Mattoon/Charleston, Mattoon, Illinois, 61938, United States|Loyola University Medical Center, Maywood, Illinois, 60153, United States|Marjorie Weinberg Cancer Center at Loyola-Gottlieb, Melrose Park, Illinois, 60160, United States|Good Samaritan Regional Health Center, Mount Vernon, Illinois, 62864, United States|Edward Hospital/Cancer Center, Naperville, Illinois, 60540, United States|UC Comprehensive Cancer Center at Silver Cross, New Lenox, Illinois, 60451, United States|Cancer Care Center of O'Fallon, O'Fallon, Illinois, 62269, United States|HSHS Saint Elizabeth's Hospital, O'Fallon, Illinois, 62269, United States|Advocate Christ Medical Center, Oak Lawn, Illinois, 60453-2699, United States|Northwestern Medicine Orland Park, Orland Park, Illinois, 60462, United States|University of Chicago Medicine-Orland Park, Orland Park, Illinois, 60462, United States|Illinois CancerCare-Ottawa Clinic, Ottawa, Illinois, 61350, United States|Advocate Lutheran General Hospital, Park Ridge, Illinois, 60068, United States|Illinois CancerCare-Pekin, Pekin, Illinois, 61554, United States|Illinois CancerCare-Peoria, Peoria, Illinois, 61615, United States|Methodist Medical Center of Illinois, Peoria, Illinois, 61636, United States|Illinois CancerCare-Peru, Peru, Illinois, 61354, United States|Valley Radiation Oncology, Peru, Illinois, 61354, United States|Edward Hospital/Cancer Center?Plainfield, Plainfield, Illinois, 60585, United States|Illinois CancerCare-Princeton, Princeton, Illinois, 61356, United States|UW Health Carbone Cancer Center Rockford, Rockford, Illinois, 61114, United States|Southern Illinois University School of Medicine, Springfield, Illinois, 62702, United States|Springfield Clinic, Springfield, Illinois, 62702, United States|Memorial Medical Center, Springfield, Illinois, 62781, United States|Southwest Illinois Health Services LLP, Swansea, Illinois, 62226, United States|Carle Cancer Center, Urbana, Illinois, 61801, United States|The Carle Foundation Hospital, Urbana, Illinois, 61801, United States|Illinois CancerCare - Washington, Washington, Illinois, 61571, United States|Rush-Copley Healthcare Center, Yorkville, Illinois, 60560, United States|Reid Health, Richmond, Indiana, 47374, United States|Mary Greeley Medical Center, Ames, Iowa, 50010, United States|McFarland Clinic - Ames, Ames, Iowa, 50010, United States|Mission Cancer and Blood - Ankeny, Ankeny, Iowa, 50023, United States|University of Iowa Healthcare Cancer Services Quad Cities, Bettendorf, Iowa, 52722, United States|McFarland Clinic - Boone, Boone, Iowa, 50036, United States|Saint Anthony Regional Hospital, Carroll, Iowa, 51401, United States|Mercy Hospital, Cedar Rapids, Iowa, 52403, United States|Oncology Associates at Mercy Medical Center, Cedar Rapids, Iowa, 52403, United States|Mercy Cancer Center-West Lakes, Clive, Iowa, 50325, United States|Mission Cancer and Blood - West Des Moines, Clive, Iowa, 50325, United States|Alegent Health Mercy Hospital, Council Bluffs, Iowa, 51503, United States|Heartland Oncology and Hematology LLP, Council Bluffs, Iowa, 51503, United States|Methodist Jennie Edmundson Hospital, Council Bluffs, Iowa, 51503, United States|Greater Regional Medical Center, Creston, Iowa, 50801, United States|Iowa Methodist Medical Center, Des Moines, Iowa, 50309, United States|Mission Cancer and Blood - Des Moines, Des Moines, Iowa, 50309, United States|Broadlawns Medical Center, Des Moines, Iowa, 50314, United States|Mercy Medical Center - Des Moines, Des Moines, Iowa, 50314, United States|Mission Cancer and Blood - Laurel, Des Moines, Iowa, 50314, United States|Iowa Lutheran Hospital, Des Moines, Iowa, 50316, United States|McFarland Clinic - Trinity Cancer Center, Fort Dodge, Iowa, 50501, United States|Trinity Regional Medical Center, Fort Dodge, Iowa, 50501, United States|University of Iowa/Holden Comprehensive Cancer Center, Iowa City, Iowa, 52242, United States|McFarland Clinic - Jefferson, Jefferson, Iowa, 50129, United States|McFarland Clinic - Marshalltown, Marshalltown, Iowa, 50158, United States|Siouxland Regional Cancer Center, Sioux City, Iowa, 51101, United States|MercyOne Waterloo Cancer Center, Waterloo, Iowa, 50702, United States|Methodist West Hospital, West Des Moines, Iowa, 50266-7700, United States|Mercy Medical Center-West Lakes, West Des Moines, Iowa, 50266, United States|Cancer Center of Kansas - Chanute, Chanute, Kansas, 66720, United States|Coffeyville Regional Medical Center, Coffeyville, Kansas, 67337, United States|Cancer Center of Kansas - Dodge City, Dodge City, Kansas, 67801, United States|Cancer Center of Kansas - El Dorado, El Dorado, Kansas, 67042, United States|University of Kansas Clinical Research Center, Fairway, Kansas, 66205, United States|Central Care Cancer Center - Garden City, Garden City, Kansas, 67846, United States|Central Care Cancer Center - Great Bend, Great Bend, Kansas, 67530, United States|HaysMed, Hays, Kansas, 67601, United States|Cancer Center of Kansas-Independence, Independence, Kansas, 67301, United States|University of Kansas Cancer Center-West, Kansas City, Kansas, 66112, United States|Cancer Center of Kansas-Kingman, Kingman, Kansas, 67068, United States|Lawrence Memorial Hospital, Lawrence, Kansas, 66044, United States|Cancer Center of Kansas-Liberal, Liberal, Kansas, 67905, United States|Cancer Center of Kansas-Manhattan, Manhattan, Kansas, 66502, United States|Cancer Center of Kansas - McPherson, McPherson, Kansas, 67460, United States|Cancer Center of Kansas - Newton, Newton, Kansas, 67114, United States|Olathe Health Cancer Center, Olathe, Kansas, 66061, United States|University of Kansas Cancer Center-Overland Park, Overland Park, Kansas, 66210, United States|Saint Luke's South Hospital, Overland Park, Kansas, 66213, United States|Cancer Center of Kansas - Parsons, Parsons, Kansas, 67357, United States|Ascension Via Christi - Pittsburg, Pittsburg, Kansas, 66762, United States|Freeman Physician Group of Pittsburg, Pittsburg, Kansas, 66762, United States|Cancer Center of Kansas - Pratt, Pratt, Kansas, 67124, United States|Cancer Center of Kansas - Salina, Salina, Kansas, 67401, United States|Salina Regional Health Center, Salina, Kansas, 67401, United States|University of Kansas Health System Saint Francis Campus, Topeka, Kansas, 66606, United States|Cancer Center of Kansas - Wellington, Wellington, Kansas, 67152, United States|University of Kansas Hospital-Westwood Cancer Center, Westwood, Kansas, 66205, United States|Cancer Center of Kansas-Wichita Medical Arts Tower, Wichita, Kansas, 67208, United States|Ascension Via Christi Hospitals Wichita, Wichita, Kansas, 67214, United States|Cancer Center of Kansas - Wichita, Wichita, Kansas, 67214, United States|Cancer Center of Kansas - Winfield, Winfield, Kansas, 67156, United States|Flaget Memorial Hospital, Bardstown, Kentucky, 40004, United States|Commonwealth Cancer Center-Corbin, Corbin, Kentucky, 40701, United States|Saint Joseph Hospital, Lexington, Kentucky, 40504, United States|Saint Joseph Radiation Oncology Resource Center, Lexington, Kentucky, 40504, United States|Saint Joseph Hospital East, Lexington, Kentucky, 40509, United States|Saint Joseph London, London, Kentucky, 40741, United States|Jewish Hospital, Louisville, Kentucky, 40202, United States|Saints Mary and Elizabeth Hospital, Louisville, Kentucky, 40215, United States|UofL Health Medical Center Northeast, Louisville, Kentucky, 40245, United States|Saint Joseph Mount Sterling, Mount Sterling, Kentucky, 40353, United States|Mercy Health - Paducah Medical Oncology and Hematology, Paducah, Kentucky, 42003, United States|Jewish Hospital Medical Center South, Shepherdsville, Kentucky, 40165, United States|West Jefferson Medical Center, Marrero, Louisiana, 70072, United States|Ochsner LSU Health Monroe Medical Center, Monroe, Louisiana, 71202, United States|Louisiana State University Health S",,,
ience Center, New Orleans, Louisiana,70112, United States|University Medical Center New Orleans, New Orleans, Louisiana,70112, United States|Veteran's Administration Medical Center - New Orleans, New Orleans, Louisiana,70112, United States|LSU Health Sciences Center at Shreveport, Shreveport, Louisiana,71103, United States|Eastern Maine Medical Center, United States|University Medical Center New Orleans  Louisiana,,1
NCT04236479,Mesenchymal Stromal Cells for Infants With Congenital Heart Disease (MedCaP),https://clinicaltrials.gov/study/NCT04236479,ACTIVE_NOT_RECRUITING,"The proposed study will be a prospective, open-label, single-center, safety and feasibility phase 1 trial of allogeneic bone marrow-derived mesenchymal stromal cell (BM-MSC) delivery though cardiopulmonary bypass (CPB) using a homogeneous population of infants with congenital heart disease (CHD) who will be undergoing a two-ventricle repair within the first six months of life",NO,Congenital Heart Disease (CHD),BIOLOGICAL: BM-MSC,"Number of subjects who experience serious adverse events, adverse events, and/or early treatment discontinuations., Dose Limiting Toxicity is attributable to the MSC administration., 45 days following the MSC administration","Actual magnitude of differences in neuroimaging and neurodevelopmental variables will be measured after MSC delivery., Secondary objective will be measured by using the Pediatric Cardiac Critical Care Consortium (PC4) registry system., 18 months",Catherine Bollard,,INTERVENTIONAL,29-07-2020,2025-04,,"Children's National Health System, Washington, District of Columbia, 20010, United States","The proposed study will be a prospective, open-label, single-center, safety and feasibility phase 1 trial of allogeneic bone marrow-derived mesenchymal stromal cell (BM-MSC) delivery though cardiopulmonary bypass (CPB) using a homogeneous population of infants with congenital heart disease (CHD) who will be undergoing a two-ventricle repair within the first six months of life Congenital Heart Disease (CHD)",,1
NCT03468179,Oatmeal Effect on N-acyl-phosphatidylethanolamines,https://clinicaltrials.gov/study/NCT03468179,COMPLETED,"N-acyl-phosphatidylethanolamine (NAPEs) and their active metabolites, N-acyl-ethanolamides (NAEs) are lipid satiety factors that are normally biosynthesized in the intestinal tract in response to food intake. Reduced levels of NAPEs and NAEs have been found in obese individuals, and increasing plasma NAPE and NAEs levels may be beneficial to obese individuals trying to lose weight or to keep off weight gain after losing weight. We have found that oatmeal has large amounts of NAPEs, and based on previous mouse studies, we hypothesize that a single dose of dietary oatmeal is sufficient to double plasma NAE from baseline, possibly inducing satiety and increasing basal metabolic rate. To test this hypothesis, we will feed volunteers a single weight-based serving of oatmeal while monitoring its effects on serum glucose, NAPE and NAE levels as well as on subjective satiety.",YES,Obesity|Cardiovascular Diseases,DIETARY_SUPPLEMENT: Oatmeal,"Change in Serum N-acyl-phosphatidylethanolamine (NAPE), Change in serum NAPE from baseline to 120 minutes post-oatmeal challenge, Baseline to 120 minutes","Serum NAPE, Serum NAPE Levels at 30, 60, and 90 minutes, 30, 60, and 90 minutes|Serum N-acyl-ethanolamides (NAE), Serum NAE levels at baseline, 30, 60, 90 and 120 minutes, baseline 30, 60, 90 and 120 minutes",Vanderbilt University Medical Center,,INTERVENTIONAL,07-10-2018,31-12-2018,13-12-2019,"Vanderbilt University Medical Center, Nashville, Tennessee, 37232, United States","N-acyl-phosphatidylethanolamine (NAPEs) and their active metabolites, N-acyl-ethanolamides (NAEs) are lipid satiety factors that are normally biosynthesized in the intestinal tract in response to food intake. Reduced levels of NAPEs and NAEs have been found in obese individuals, and increasing plasma NAPE and NAEs levels may be beneficial to obese individuals trying to lose weight or to keep off weight gain after losing weight. We have found that oatmeal has large amounts of NAPEs, and based on previous mouse studies, we hypothesize that a single dose of dietary oatmeal is sufficient to double plasma NAE from baseline, possibly inducing satiety and increasing basal metabolic rate. To test this hypothesis, we will feed volunteers a single weight-based serving of oatmeal while monitoring its effects on serum glucose, NAPE and NAE levels as well as on subjective satiety. Obesity|Cardiovascular Diseases",,0
NCT02328079,Steroid-Antiviral Treatment in Rehabilitation of Facial Palsy,https://clinicaltrials.gov/study/NCT02328079,COMPLETED,"The purpose of this study is to assess the efficacy of antiviral medicine (acyclovir) in recovery of complete facial Palsy. Fifty patients (Males and females) with acute Facial Palsy within the first 3 days of onset with age ranged from 15-60 years old. Each patient was submitted to the following clinical evaluation using House and Brackmann 6 facial function scoring system and Synnybrook grading system. Neurophysiological assessment of facial nerve and muscles was done before and after the end of treatment, then after the end of first and second month of treatment. EMG was done for facial muscles of both sides beside measuring facial nerve excitability to determine the excitation threshold by recording the minimum electrical stimulus required to produce visible muscle contraction. A difference greater than 3.5 mA between the affected and unaffected side is considered significant in terms of poor prognosis. Nerve conduction study of facial nerves of both sides using concentric needle electrode. Trigeminal Blink reflex for both sides of the face. Facial functional recovery was defined as ""good"" or ""complete"" using the same criteria used in the 2001 practice guideline. An outcome of grade I or II was considered a good recovery using the House and Brackmann 6 facial function scoring system",NO,Facial Palsy,DRUG: Steroids (Prednisolone) and Steroids plus Antiviral (Prednisolone + acyclovir),"Facial muscle function using clinical scale, Evaluations of facial muscle function using clinical scale were performed blindly by a neurologist who was unaware of the type of treatment of which the patient had received, 2 months","Nerve conduction study of facial nerve., Measurment of facial n. coduction, 2 months",Assiut University,,INTERVENTIONAL,2013-04,2014-11,,,"The purpose of this study is to assess the efficacy of antiviral medicine (acyclovir) in recovery of complete facial Palsy. Fifty patients (Males and females) with acute Facial Palsy within the first 3 days of onset with age ranged from 15-60 years old. Each patient was submitted to the following clinical evaluation using House and Brackmann 6 facial function scoring system and Synnybrook grading system. Neurophysiological assessment of facial nerve and muscles was done before and after the end of treatment, then after the end of first and second month of treatment. EMG was done for facial muscles of both sides beside measuring facial nerve excitability to determine the excitation threshold by recording the minimum electrical stimulus required to produce visible muscle contraction. A difference greater than 3.5 mA between the affected and unaffected side is considered significant in terms of poor prognosis. Nerve conduction study of facial nerves of both sides using concentric needle electrode. Trigeminal Blink reflex for both sides of the face. Facial functional recovery was defined as ""good"" or ""complete"" using the same criteria used in the 2001 practice guideline. An outcome of grade I or II was considered a good recovery using the House and Brackmann 6 facial function scoring system Facial Palsy",,0
NCT01801579,Reproducibility of Ankle Brachial Index After Maximal Exercise,https://clinicaltrials.gov/study/NCT01801579,COMPLETED,"Hemodynamic changes in the lower limbs are very important and rapid after maximal exercise. The automatic method allows a fastest measurement of the Ankle-Brachial Index (ABI). Thus, it appears important to know whether automatic assessment of ABI is as reliable and reproducible as the manual method.",NO,Normal Subjects,,"Test-retest difference in ankle to brachial pressure index, Comparison of differendces observed on test-retest measures with manual and automatic measurements, up to 2 week","Duration of recordings., Comaprison of the time needed to complete the recording with automatic vs. manual techniques, up to 2 weeks","University Hospital, Angers",Institut de formation en éducation physique et en sport d'Angers/Les Ponts de Cé,OBSERVATIONAL,2012-11,2014-04,,"University Hospital, Angers, 49933, France","Hemodynamic changes in the lower limbs are very important and rapid after maximal exercise. The automatic method allows a fastest measurement of the Ankle-Brachial Index (ABI). Thus, it appears important to know whether automatic assessment of ABI is as reliable and reproducible as the manual method. Normal Subjects",,1
NCT02854579,Neural Progenitor Cell and Paracrine Factors to Treat Hypoxic Ischemic Encephalopathy,https://clinicaltrials.gov/study/NCT02854579,UNKNOWN,The purpose of this study is to investigate the efficacy and safety of allogenic neural progenitor cell and paracrine factors of human mesenchymal stem cells for patients with moderate/severe Hypoxic-Ischemic Encephalopathy,NO,Hypoxic-Ischemic Encephalopathy,BIOLOGICAL: neural progenitor cell|BIOLOGICAL: Paracrine factors|BIOLOGICAL: progenitor cell and paracrine factors,"Neonatal Behavioral Neurological Assessment, 14days after birth|number of adverse events, adverse events like fever、infection、seizures、hemorrhage coursed by interventions, 7days after cell or factor injection|Neonatal Behavioral Neurological Assessment, 28days after birth","Bayley score, Gross motor function measure assessment for children diagnosed cerebral palsy, 12 months after birth|Bayley score, Gross motor function measure assessment for children diagnosed cerebral palsy, 18 months after birth|Peabody development measure scale, Gross motor function measure assessment for children diagnosed cerebral palsy, 12 months after birth|Peabody development measure scale, Gross motor function measure assessment for children diagnosed cerebral palsy, 18 months after birth|Number of death, 1 years after birth|Number of participants with treatment-related central nervous tumor as assessed by Magnetic Resonance Imaging or CT, 5 years after birth","Navy General Hospital, Beijing",Bethune International Peace Hospital|Daping Hospital and the Research Institute of Surgery of the Third Military Medical University|Hunan Children's Hospital|Shangluo Central Hospital|252 Military Hospital,INTERVENTIONAL,2013-01,2017-12,,"Navy General Hospital, Beijing, Beijing, 100048, China|Navy General Hospital, Beijing, 100048, China",The purpose of this study is to investigate the efficacy and safety of allogenic neural progenitor cell and paracrine factors of human mesenchymal stem cells for patients with moderate/severe Hypoxic-Ischemic Encephalopathy Hypoxic-Ischemic Encephalopathy,,1
NCT02898779,"Metabolism and Pharmacokinetics of Primaquine Enantiomers in Human Volunteers, Study 1",https://clinicaltrials.gov/study/NCT02898779,COMPLETED,"To investigate the comparative tolerability, metabolism and pharmacokinetics of individual enantiomers of PQ in healthy human volunteers. The specific aim is the comparative evaluation of the metabolism, pharmacokinetic behavior, and tolerability of the isomers of PQ (RPQ and SPQ and the racemic mixture RSPQ) in normal healthy human volunteers.",NO,Malaria,"DRUG: Primaquine, R-Primaquine, S-Primaquine, SR Primaquine","Primary outcome: Plasma concentration of parent primaquine and carboyprimaquine following a single dose treatment with primaquine (racemate or enantiomers) not to exceed 45 mg, This study would provide information on differential pharmacokinetics and metabolism of enantiomers of primaquine in normal human volunteers, between 0-24 Hours","Area Under Curve (AUC) for primaquine up to 24 hours after the primaquine administration, This study would provide information on differential pharmacokinetics and metabolism of enantiomers of primaquine in normal human volunteers, between 0-24 hours|Maximum concentration (Cmax) for primaquine up to 24 hours after the primaquine administration, This study would provide information on differential pharmacokinetics and metabolism of enantiomers of primaquine in normal human volunteers, between 0-24 hours|Area Under Curve (AUC) for carboxyprimaquine, the major plasma metabolite of primaquine, up to 24 hours after primaquine administration, This study would provide information on differential pharmacokinetics and metabolism of enantiomers of primaquine in normal human volunteers, between 0-24 hours|Maximum concentration of carboxyprimaquine, the major plasma metabolite of primaquine, up to 24 hours after primaquine administration, This study would provide information on differential pharmacokinetics and metabolism of enantiomers of primaquine in normal human volunteers, between 0-24 hours|Maximum concentration of selected metabolites primaquine (other than carboxyprimaquine) up to 24 hours after primaquine administration, This study would provide information on differential pharmacokinetics and metabolism of enantiomers of primaquine in normal human volunteers. The exact nature of these metabolites will be determined from previous animal and human studies, between 0-24 hours|hemoglobin and methemoglobin levels in the blood after administration of primaquine, To monitor hemoglobin and methemoglobin levels in normal human volunteers treated with single dose of primaquine not to exceed 45 mg, 0-72 hours|Genotyping of Cytochrome P-450 (CYP), To determine correlation between metabolism of primaquine and CYP 2D6 genotype, day 0","University of Mississippi, Oxford",,INTERVENTIONAL,01-05-2017,01-03-2018,,"University of Mississippi, Oxford, Mississippi, 38677, United States","To investigate the comparative tolerability, metabolism and pharmacokinetics of individual enantiomers of PQ in healthy human volunteers. The specific aim is the comparative evaluation of the metabolism, pharmacokinetic behavior, and tolerability of the isomers of PQ (RPQ and SPQ and the racemic mixture RSPQ) in normal healthy human volunteers. Malaria",,1
NCT02515279,An Observational Study of Peginterferon Alfa-2a Plus Ribavirin for Hepatitis C Virus (HCV) Infection in Austria,https://clinicaltrials.gov/study/NCT02515279,COMPLETED,"This noninterventional, open-label study will observe the safety and tolerability of peginterferon alfa-2a in combination with ribavirin among Austrian participants treated for HCV infection according to routine practice.",YES,Hepatitis C,DRUG: Peginterferon alfa-2a|DRUG: Ribavirin,"Percentage of Participants With Serious Adverse Events (SAEs) and Adverse Events (AEs), An AE was any untoward medical occurrence in a participant who received study drug without regard to possibility of causal relationship. An SAE was an AE resulting in any of the following outcomes or deemed significant for any other reason: death; initial or prolonged inpatient hospitalization; life-threatening experience (immediate risk of dying); persistent or significant disability or incapacity; and congenital anomaly. Percentage of participants with AEs included participants affected with both SAEs and non-SAEs., Up to 6 years|Percentage of Participants With End of Treatment Response, Clinical response to the treatment was measured by qualitative negative polymerase chain reaction (PCR). A participant was considered to have and end of treatment response if there was undetectable Hepatitis C Virus (HCV) ribonucleic acid (RNA) after completing treatment. Participants with available PCR results were reported., 12 months|Percentage of Participants With Sustained Virologic Response 24 (SVR24), Clinical response to the treatment was measured by qualitative negative polymerase chain reaction (PCR). SVR24 is defined as the percentage of participants with undetectable HCV RNA 24 weeks after completing treatment., 18 months",,Hoffmann-La Roche,,OBSERVATIONAL,2008-11,2014-12,10-02-2016,"A.Ö. Krankenhaus Der Barmherzigen Schwestern Ried; Interne Abtl., Ried-innkreis, 4910, Austria","This noninterventional, open-label study will observe the safety and tolerability of peginterferon alfa-2a in combination with ribavirin among Austrian participants treated for HCV infection according to routine practice. Hepatitis C",,1
NCT05042479,Using of Virtual Reality to Relieve Procedural Pain in Pediatric Oncology.,https://clinicaltrials.gov/study/NCT05042479,RECRUITING,"Medical procedures can be a very frightening experience for children. It is known that children who received painful medical procedures can develop a higher sensitivity of pain during their following experiences.

During their treatments for malignant diseases, children are exposed to a lot of painful procedures (eg. needle insertion, lumbar punction, myelogram, etc...)

Therefore, medical societies propose the use of interventions like distraction techniques for pain management in complement of pharmacological treatment.

In addition, the repetitions of painful procedures and ineffective prevention of pain can create care phobia.

Within this context, immersive and participative virtual reality (VR) could be an innovative distraction technique for pain management among children undergoing medical procedures.

Attention Pain Theory can explain how virtual reality can reduce the perception of pain. Attention is required to feel pain. When the patient is focused on another subject like an immersive virtual environment, his brain is less available to treat information like painful stimulus from care procedures.

The investigators hypothesis is that VR can reduce procedural-related pain and can decrease fear during the following procedures.

Results of previous studies are varied : some showed a non-significant reduction of patient's procedural pain despite the use of VR, whereas others concluded to a decrease of pain. The question of the benefit of VR for the patients who are exposed to repeated painful procedures remains still unclear, especially with patients who are likely to feel chronic pain or many pain-related exposures.

The aim of this study is to evaluate the non-inferiority of virtual reality as a distraction technique for pain management in children and adolescents with onco-hematological diseases, undergoing painful procedures, compared to standard of care.",NO,"Hematologic Malignancy|Hematologic Non Malignancy|Solid Tumor, Childhood|Child, Only",OTHER: Usual distraction and pain prevention techniques.|OTHER: Virtual reality|OTHER: Choice between usual distraction or virtual reality,"Pain level measured by VAS (self-evaluation) during the first care using standard treatment., Pain levels measured on the VAS. VAS : Visual Analogue Scale . Minimum value : 0. Maximum value : 10. The maximum value is the worse outcome., Immediately after the first care.|Pain level measured by VAS (self-evaluation) during the second care using virtual reality, Pain levels measured on the VAS. VAS : Visual Analogue Scale . Minimum value : 0. Maximum value : 10. The maximum value is the worse outcome., Immediately after the second care .|Pain level measured by VAS (self-evaluation) during the third care using virtual reality or standard treatment, Pain levels measured on the VAS. VAS : Visual Analogue Scale . Minimum value : 0. Maximum value : 10. The maximum value is the worse outcome., Immediately after the third care .","Percentage of children who choose VR in the 3rd care, Patient preference between VR and usual pain prevention technique for the same care.

The difference between the pain level measured on a VAS with the use of VR and the pain level with the usual technique.

VAS : Visual Analogue Scale . Minimum value : 0. Maximum value : 10. The maximum value is the worse outcome., Immediately after the 3rd intervention.|Patient questionnaire, Analysis of the answers to the patient questionnaire after treatment n°3. Description of the reasons for selecting the preferred technique., Immediately after the 3rd intervention.|Side effects to the use of VR, Record of side effects reported in the e-CRF. Description of the potential side effects to the use of VR in care., During each intervention with virtual reality (care 2 and care 3 if VR is chosen). Up to 6 months.|Ethnographic approach to caregivers' experiences after using the VR headset., Direct observation of the care unit. Understand the obstacles and levers for professionals to implement a new pain prevention device during care., Through study completion - up to 20 months.|parent questionnaire., Analysis of the responses to the parent questionnaire. Understand parents' experience of care when implementing a new pain prevention device during care., Immediately after the 3rd intervention.|Thematic analysis of the verbatim collected during the semi-directive interviews with the parents after Care 3, Understand the social representations of parents and children regarding the use of a virtual reality device., Immediately after the 3rd intervention.",Nantes University Hospital,For Ever Fabien,INTERVENTIONAL,30-06-2022,11-02-2025,,"Nantes CHU, Nantes, 44000, France","Medical procedures can be a very frightening experience for children. It is known that children who received painful medical procedures can develop a higher sensitivity of pain during their following experiences.

During their treatments for malignant diseases, children are exposed to a lot of painful procedures (eg. needle insertion, lumbar punction, myelogram, etc...)

Therefore, medical societies propose the use of interventions like distraction techniques for pain management in complement of pharmacological treatment.

In addition, the repetitions of painful procedures and ineffective prevention of pain can create care phobia.

Within this context, immersive and participative virtual reality (VR) could be an innovative distraction technique for pain management among children undergoing medical procedures.

Attention Pain Theory can explain how virtual reality can reduce the perception of pain. Attention is required to feel pain. When the patient is focused on another subject like an immersive virtual environment, his brain is less available to treat information like painful stimulus from care procedures.

The investigators hypothesis is that VR can reduce procedural-related pain and can decrease fear during the following procedures.

Results of previous studies are varied : some showed a non-significant reduction of patient's procedural pain despite the use of VR, whereas others concluded to a decrease of pain. The question of the benefit of VR for the patients who are exposed to repeated painful procedures remains still unclear, especially with patients who are likely to feel chronic pain or many pain-related exposures.

The aim of this study is to evaluate the non-inferiority of virtual reality as a distraction technique for pain management in children and adolescents with onco-hematological diseases, undergoing painful procedures, compared to standard of care. Hematologic Malignancy|Hematologic Non Malignancy|Solid Tumor, Childhood|Child, Only",,0
NCT00332579,Double-Blind Naltrexone in Kleptomania,https://clinicaltrials.gov/study/NCT00332579,COMPLETED,The goal of the proposed study is to evaluate the efficacy and safety of naltrexone in kleptomania.,YES,Kleptomania,DRUG: Naltrexone|DRUG: Placebo,"Yale Brown Obsessive Compulsive Scale Modified for Kleptomania (K-YBOCS), The K-YBOCS measures symptom severity (urges/thoughts and behavior) across the past week. Scores range from 0 (no symptoms) to 40 (highest symptom severity)., K-YBOCS is done at each visit by the investigator.",,University of Minnesota,,INTERVENTIONAL,01-05-2006,01-09-2008,04-05-2012,"University of Minnesota, Minneapolis, Minnesota, 55454, United States",The goal of the proposed study is to evaluate the efficacy and safety of naltrexone in kleptomania. Kleptomania,,1
NCT03789279,Observational Study of Hand Function After Distal Transradial Access for Angiography,https://clinicaltrials.gov/study/NCT03789279,COMPLETED,"Traditionally, coronary angiograms are performed through the radial artery which is accessed above the palm of the 'right' hand. In recent years, some cardiologists are performing this procedure from the back of the wrist in as the radial artery courses through the anatomical snuffbox (distal radial access). The aim of this study is to determine the prevalence of hand dysfunction following coronary angiography via the distal radial artery.",NO,Radial Artery Occlusion|Nerve Injury,,"Prevalence of hand dysfunction, Any significant deterioration from baseline in hand function according to the 5 studied domains., 1 month","Success of distal radial access, Successful introduction of sheath, Day 0|Vascular access complications (other than occlusion and bleeding), Surgical complications or clinically important vascular access complications, Day 0|Puncture time, Time from skin puncture to successful placement of wire into the artery, Day 0|Radial artery occlusion - including level of occlusion (prox/distal), USS guide, 0-12 months|Fluoroscopy time, Minutes, Day 0|Hemostasis duration, Minutes, Day 0",NHS National Waiting Times Centre Board,MC Zuiderzee,OBSERVATIONAL,01-01-2019,31-12-2020,,"University of Glasgow/Golden Jubilee Research Foundation, Glasgow, G12 8QQ, United Kingdom","Traditionally, coronary angiograms are performed through the radial artery which is accessed above the palm of the 'right' hand. In recent years, some cardiologists are performing this procedure from the back of the wrist in as the radial artery courses through the anatomical snuffbox (distal radial access). The aim of this study is to determine the prevalence of hand dysfunction following coronary angiography via the distal radial artery. Radial Artery Occlusion|Nerve Injury",,1
NCT02588079,Internet-Based Cognitive Behavioral Therapy for Children With Dental Anxiety,https://clinicaltrials.gov/study/NCT02588079,COMPLETED,The purpose of this study is to determine whether internet-based cognitive behavioral therapy (ICBT) is effective in the treatment of children and adolescents with dental anxiety. The investigators hypothesis is that children and adolescents who have been offered ICBT show significant better performance on outcome measures compared with patients in control group.,NO,Dental Anxiety,BEHAVIORAL: Internet-based cognitive behavioral therapy,"Picture guided behavioral approach test, child version, Measures changes in self-estimated ability to manage 17 dental situations, showing realistic images from dental care., post treatment(12 weeks), and follow up (12 months after posttreatment)|Picture guided behavioral approach test, parent version, Measures changes in the child´s ability to manage dental situations according to a parent. The test shows 17 realistic images from the dental care., post treatment(12 weeks), and follow up (12 months after posttreatment)","Self-Efficacy Questionnaire for Phobic Situations ( dentistry adapted version ), Measure changes in child's dentistry related self efficacy, post treatment(12 weeks), and follow up (12 months after posttreatment)|Children's Fear Survey Schedule - Dental Subscale (child version), Measures changes in the child's dental anxiety, post treatment(12 weeks), and follow up (12 months after posttreatment)|Children's Fear Survey Schedule - Dental Subscale (parent version), Measures changes in the child's dental anxiety according to one of the parents, post treatment(12 weeks), and follow up (12 months after posttreatment)|Kiddie Sads (phobic disorders supplement), The phobic disorders supplement of Kiddie Sads diagnostic interview (Version 1.0 of October 1996) is performed by a psychologist through a telephone interview. The outcome is used to investigate whether the participant fulfill the diagnostic criteria for dentistry related specific phobia according to DSM 4., post treatment(12 weeks), and follow up (12 months after posttreatment)",Karolinska Institutet,,INTERVENTIONAL,2015-10,31-12-2023,,"Department of Dental Medicine, Stockholm, Huddinge, 14104, Sweden",The purpose of this study is to determine whether internet-based cognitive behavioral therapy (ICBT) is effective in the treatment of children and adolescents with dental anxiety. The investigators hypothesis is that children and adolescents who have been offered ICBT show significant better performance on outcome measures compared with patients in control group. Dental Anxiety,,1
NCT00717379,Study of Tacrolimus Immunosuppressive Therapy After Kidney Transplantation,https://clinicaltrials.gov/study/NCT00717379,COMPLETED,To compare the efficacy and safety of Tacrolimus in combination with MMF and Steroids in two regimens of steroid in an adult kidney transplanted population.,NO,"Kidney Transplantation|Kidney Failure, Chronic|Renal Insufficiency, Chronic",DRUG: Tacrolimus|DRUG: Mycophenolate Mofetil|DRUG: Methylprednisolone or equivalent|DRUG: Prednisone,"Incidence and time to first biopsy-proven acute rejection, 6 months","Overall frequency of acute rejection episodes within 6 months post transplantation, 6 months|Severity of biopsy proven acute rejections (BANFF criteria) within 6 months post transplantation, 6 months|Incidence of and time to first corticosteroid-resistant acute rejection, 6 months|Subject and graft survival, 6 months",Astellas Pharma Inc,,INTERVENTIONAL,2007-05,2008-10,,"Moscow, 115446, Russian Federation|Moscow, 119992, Russian Federation|Moscow, 123182, Russian Federation|Omsk, 644112, Russian Federation|St. Petersburg, 197110, Russian Federation|Volzskii, 404120, Russian Federation","To compare the efficacy and safety of Tacrolimus in combination with MMF and Steroids in two regimens of steroid in an adult kidney transplanted population. Kidney Transplantation|Kidney Failure, Chronic|Renal Insufficiency, Chronic",,1
NCT00721279,Sifrol (Pramipexole) Onset of Action and Impact: a 12-weeks Observational Study in Patients With Primary Restless Legs Syndrome,https://clinicaltrials.gov/study/NCT00721279,COMPLETED,"The objectives of the Post Market Surveillance (PMS) study are to evaluate the treatment effect of pramipexole on Restless Legs Syndrome (RLS) severity as measured by International Restless Legs Rating Scale and Global Clinical Impression - Improvement, to evaluate the time to reaching maintenance dose of pramipexole",YES,Restless Legs Syndrome,DRUG: Sifrol® (pramipexole dihydrochloride),"Frequency Analysis for Baseline Pattern of RLS Symptoms, Severity of RLS was rated using the International RLS Severity Scale. This scale measures the severity of RLS symptoms and comprises of 10 questions with 5 possible answers, each answer scored from 0-4 points and is classified into 5 RLS severity groups: 0 points = no symptoms, 1-10 points = mild, 11-20 points = moderate, 21-30 points = severe, 31-40 points = very severe., Baseline|Change in Total Scores of IRLS (International Restless Legs Rating Scale), The International Restless Legs Syndrome Rating Scale (IRLS) is a rating scale used to assess the severity of RLS symptoms. The IRLS consists of 10 items, each of which is rated from 0 to 4 points, higher values denoting an increased severity of symptoms. Maximum total score is 40. Score totals are grouped into four levels of severity: 1-10 points = mild RLS, 11-20 points = moderate RLS, 21-30 points = severe RLS, and 31-40 = very severe RLS.

The change from baseline was calculated as baseline minus the week 12 value., Baseline and final visit (week12)|Change in Global Clinical Impression - Improvement (CGI-I) Scale, The Clinical Global Impression Improvement scale (CGI-I) requires the clinician to rate how much the patient's illness has improved or worsened relative to a baseline state. A patient's illness is compared to change over time and rated as: very much improved, much improved, minimally improved, no change, minimally worse, much worse, or very much worse, baseline and final visit (week 12)|Frequency of Adverse Events, Frequency of patients with any adverse event, causally related adverse events and serious adverse events, Up to 16 weeks|Correlation of the Change in IRLS at End of Titration and at Final Visit, Correlation of the change in IRLS at end of titration and at final visit, Up to 12 weeks",,Boehringer Ingelheim,,OBSERVATIONAL,2007-09,,08-01-2010,"Boehringer Ingelheim Investigational Site, Absam, Austria|Boehringer Ingelheim Investigational Site, Absdorf, Austria|Boehringer Ingelheim Investigational Site, Afritz, Austria|Boehringer Ingelheim Investigational Site, Alkoven, Austria|Boehringer Ingelheim Investigational Site, Altenmarkt/Zauchensee, Austria|Boehringer Ingelheim Investigational Site, Anif, Austria|Boehringer Ingelheim Investigational Site, Au, Austria|Boehringer Ingelheim Investigational Site, Bad Goisern, Austria|Boehringer Ingelheim Investigational Site, Bad Schallerbach, Austria|Boehringer Ingelheim Investigational Site, Bad Vöslau, Austria|Boehringer Ingelheim Investigational Site, Baden, Austria|Boehringer Ingelheim Investigational Site, Bleiburg, Austria|Boehringer Ingelheim Investigational Site, Bludenz, Austria|Boehringer Ingelheim Investigational Site, Bregenz, Austria|Boehringer Ingelheim Investigational Site, Bruck a.d. Mur, Austria|Boehringer Ingelheim Investigational Site, Bärnbach, Austria|Boehringer Ingelheim Investigational Site, Deutschkreutz, Austria|Boehringer Ingelheim Investigational Site, Deutschlandsberg, Austria|Boehringer Ingelheim Investigational Site, Dornbirn, Austria|Boehringer Ingelheim Investigational Site, Ebensee, Austria|Boehringer Ingelheim Investigational Site, Faak am See, Austria|Boehringer Ingelheim Investigational Site, Ferlach, Austria|Boehringer Ingelheim Investigational Site, Fieberbrunn, Austria|Boehringer Ingelheim Investigational Site, Filzmoos, Austria|Boehringer Ingelheim Investigational Site, Fischamend, Austria|Boehringer Ingelheim Investigational Site, Fonsdorf, Austria|Boehringer Ingelheim Investigational Site, Fritzens, Austria|Boehringer Ingelheim Investigational Site, Gallizien, Austria|Boehringer Ingelheim Investigational Site, Gallspach, Austria|Boehringer Ingelheim Investigational Site, Gaspoldshofen, Austria|Boehringer Ingelheim Investigational Site, Gerasdorf, Austria|Boehringer Ingelheim Investigational Site, Gloggnitz, Austria|Boehringer Ingelheim Investigational Site, Gmunden, Austria|Boehringer Ingelheim Investigational Site, Grafenstein, Austria|Boehringer Ingelheim Investigational Site, Graz, Austria|Boehringer Ingelheim Investigational Site, Groß Klein, Austria|Boehringer Ingelheim Investigational Site, Grünbach, Austria|Boehringer Ingelheim Investigational Site, Haid, Austria|Boehringer Ingelheim Investigational Site, Halbturn, Austria|Boehringer Ingelheim Investigational Site, Hall in Tirol, Austria|Boehringer Ingelheim Investigational Site, Hart, Austria|Boehringer Ingelheim Investigational Site, Heidenreichstein, Austria|Boehringer Ingelheim Investigational Site, Hornstein, Austria|Boehringer Ingelheim Investigational Site, Innsbruck, Austria|Boehringer Ingelheim Investigational Site, Jenbach, Austria|Boehringer Ingelheim Investigational Site, Judenburg, Austria|Boehringer Ingelheim Investigational Site, Kapfenberg, Austria|Boehringer Ingelheim Investigational Site, Kematen, Austria|Boehringer Ingelheim Investigational Site, Klagenfurt, Austria|Boehringer Ingelheim Investigational Site, Kleinzell, Austria|Boehringer Ingelheim Investigational Site, Klosterneuburg, Austria|Boehringer Ingelheim Investigational Site, Krems, Austria|Boehringer Ingelheim Investigational Site, Kufstein, Austria|Boehringer Ingelheim Investigational Site, Laakirchen, Austria|Boehringer Ingelheim Investigational Site, Langenwang, Austria|Boehringer Ingelheim Investigational Site, Lavamünd, Austria|Boehringer Ingelheim Investigational Site, Leibnitz, Austria|Boehringer Ingelheim Investigational Site, Leoben, Austria|Boehringer Ingelheim Investigational Site, Leopoldsdorf, Austria|Boehringer Ingelheim Investigational Site, Linz, Austria|Boehringer Ingelheim Investigational Site, Litschau, Austria|Boehringer Ingelheim Investigational Site, Litzelsdorf, Austria|Boehringer Ingelheim Investigational Site, Lofer, Austria|Boehringer Ingelheim Investigational Site, Längenfeld, Austria|Boehringer Ingelheim Investigational Site, Marbach, Austria|Boehringer Ingelheim Investigational Site, Mattersburg, Austria|Boehringer Ingelheim Investigational Site, Meiningen, Austria|Boehringer Ingelheim Investigational Site, Melk, Austria|Boehringer Ingelheim Investigational Site, Micheldorf, Austria|Boehringer Ingelheim Investigational Site, Michelhausen, Austria|Boehringer Ingelheim Investigational Site, Mödling, Austria|Boehringer Ingelheim Investigational Site, Münzbach, Austria|Boehringer Ingelheim Investigational Site, Neufelden, Austria|Boehringer Ingelheim Investigational Site, Neunkirchen, Austria|Boehringer Ingelheim Investigational Site, Ottenheim, Austria|Boehringer Ingelheim Investigational Site, Pabneukirchen, Austria|Boehringer Ingelheim Investigational Site, Parndorf, Austria|Boehringer Ingelheim Investigational Site, Passail, Austria|Boehringer Ingelheim Investigational Site, Pernegg, Austria|Boehringer Ingelheim Investigational Site, Pinggau, Austria|Boehringer Ingelheim Investigational Site, Pischelsdorf, Austria|Boehringer Ingelheim Investigational Site, Poysdorf, Austria|Boehringer Ingelheim Investigational Site, Reichental, Austria|Boehringer Ingelheim Investigational Site, Ried im Innkreis, Austria|Boehringer Ingelheim Investigational Site, Roppen, Austria|Boehringer Ingelheim Investigational Site, Rüstorf, Austria|Boehringer Ingelheim Investigational Site, Salzburg, Austria|Boehringer Ingelheim Investigational Site, Sandl, Austria|Boehringer Ingelheim Investigational Site, Sankt Florian, Austria|Boehringer Ingelheim Investigational Site, Sankt Gertraud, Austria|Boehringer Ingelheim Investigational Site, Sankt Pölten, Austria|Boehringer Ingelheim Investigational Site, Satteins, Austria|Boehringer Ingelheim Investigational Site, Schattendorf, Austria|Boehringer Ingelheim Investigational Site, Schwaz, Austria|Boehringer Ingelheim Investigational Site, Schwechat, Austria|Boehringer Ingelheim Investigational Site, Schörfling, Austria|Boehringer Ingelheim Investigational Site, Soielberg, Austria|Boehringer Ingelheim Investigational Site, Spielberg, Austria|Boehringer Ingelheim Investigational Site, St. Andrä, Austria|Boehringer Ingelheim Investigational Site, St. Peter, Austria|Boehringer Ingelheim Investigational Site, St. Valentin, Austria|Boehringer Ingelheim Investigational Site, St. Veit an der Glan, Austria|Boehringer Ingelheim Investigational Site, Steinbrunn, Austria|Boehringer Ingelheim Investigational Site, Stockerau, Austria|Boehringer Ingelheim Investigational Site, Strallegg, Austria|Boehringer Ingelheim Investigational Site, Telfs, Austria|Boehringer Ingelheim Investigational Site, Veitsch, Austria|Boehringer Ingelheim Investigational Site, Villach, Austria|Boehringer Ingelheim Investigational Site, Vorchdorf, Austria|Boehringer Ingelheim Investigational Site, Völs, Austria|Boehringer Ingelheim Investigational Site, Wagna, Austria|Boehringer Ingelheim Investigational Site, Walding, Austria|Boehringer Ingelheim Investigational Site, Wals, Austria|Boehringer Ingelheim Investigational Site, Wartberg, Austria|Boehringer Ingelheim Investigational Site, Wattens, Austria|Boehringer Ingelheim Investigational Site, Weer, Austria|Boehringer Ingelheim Investigational Site, Weiz, Austria|Boehringer Ingelheim Investigational Site, Weißkirchen, Austria|Boehringer Ingelheim Investigational Site, Wels, Austria|Boehringer Ingelheim Investigational Site, Wiener Neudorf, Austria|Boehringer Ingelheim Investigational Site, Wien, Austria|Boehringer Ingelheim Investigational Site, Wieselburg, Austria|Boehringer Ingelheim Investigational Site, Wilhelmsburg, Austria|Boehringer Ingelheim Investigational Site, Windhaag, Austria|Boehringer Ingelheim Investigational Site, Wolkersdorf, Austria|Boehringer Ingelheim Investigational Site, Wr. Neustadt, Austria|Boehringer Ingelheim Investigational Site, Zirl, Austria","The objectives of the Post Market Surveillance (PMS) study are to evaluate the treatment effect of pramipexole on Restless Legs Syndrome (RLS) severity as measured by International Restless Legs Rating Scale and Global Clinical Impression - Improvement, to evaluate the time to reaching maintenance dose of pramipexole Restless Legs Syndrome",,1
NCT06234579,Longitudinal Assessment of Genomic Alterations and Clonal Evolution in ALK-positive NSCLC (Galileo Project),https://clinicaltrials.gov/study/NCT06234579,RECRUITING,The scope of GALILEO project (Genomic ALteratIons and cLonal EvOlution in ALK+ NSCLC) is to explore the feasibility of genomic longitudinal evaluation for ALK+ NSCLC patients in Italian routine practice and provide a detailed overview of resistance mechanisms and clinical outcomes according to current standard treatments.,NO,ALK Gene Mutation|NSCLC Stage IV|ALK Sensitizing Mutation,DIAGNOSTIC_TEST: Biopsy (tissue or liquid),"Percentage of patients with available NGS testing at diagnosis, Percentage of ALK+ patients with adeguate tissue for NGS after diagnosisc biopsy, 5 years|Percentage of patients with available NGS re-testing after progession (either tissue or ctDNA) to first-line treatment with II-III generation ALK-Inhibitor, Percentage of patients who obtenied successfull NGS post-progression testing after re-biopsy or liquid biopsy, 5 years","PFS to first-line treatment with II-III generation ALK-inhibitor, Time from treatment start until the date of first documented progression or date of death from any cause, whichever came first, assessed up to 5 years, 5 years|PFS to first-line treatment with II-III generation ALK-inhibitor, Time from treatment start to death for any cause, assesed up to 5 years, 5 years",Fondazione Policlinico Universitario Agostino Gemelli IRCCS,,OBSERVATIONAL,12-07-2021,31-07-2026,,"Fondazione Policlinico Gemelli IRCCS, Rome, 00168, Italy",The scope of GALILEO project (Genomic ALteratIons and cLonal EvOlution in ALK+ NSCLC) is to explore the feasibility of genomic longitudinal evaluation for ALK+ NSCLC patients in Italian routine practice and provide a detailed overview of resistance mechanisms and clinical outcomes according to current standard treatments. ALK Gene Mutation|NSCLC Stage IV|ALK Sensitizing Mutation,,1
NCT02949479,Dissociation Investigation Study in Sex Offenders,https://clinicaltrials.gov/study/NCT02949479,TERMINATED,"Background: Adverse childhood experience have been described in sexual offenders but the link with the offence need to be further investigated. Investigators postulate that one of the clinical moderating factors could be dissociative experience, a consequence of these early adverse experiences reactivated during the offence. The purpose of the study is to estimate the prevalence of clinical dissociation during the offence in a male adult population referred to our center for a sexual offence and to explore its correlations with epidemiological and clinical data (personal, legal history, psychiatric comorbidities), clinical trauma and dissociation, prognosis estimates.",NO,Sex Offenses,BEHAVIORAL: Dissociation Investigation in Sex Offenders,"point prevalence of clinical dissociation during the offence, assessed with the use of clinical examination (narrative and DSM-5 criteria), the presence of a clinical dissociative state will be assessed retrospectively with the use of clinical examination., 3 years","lifetime dissociation, lifetime dissociation measured by the Dissociative Experience Scale, 3 years|childhood abuse or neglect, Childhood abuse ant Neglect assessed by the Childhood Experience of Care and Abuse (CECA), 3 years|psychiatric comorbidities, psychiatric comorbidities, 3 years|prognosis issues, risk assessment tools scoring, 3 years",Hôpital le Vinatier,,INTERVENTIONAL,29-03-2017,10-12-2021,,"Centre Hospitalier Le Vinatier, Bron, Rhône Alpes, 69678, France","Background: Adverse childhood experience have been described in sexual offenders but the link with the offence need to be further investigated. Investigators postulate that one of the clinical moderating factors could be dissociative experience, a consequence of these early adverse experiences reactivated during the offence. The purpose of the study is to estimate the prevalence of clinical dissociation during the offence in a male adult population referred to our center for a sexual offence and to explore its correlations with epidemiological and clinical data (personal, legal history, psychiatric comorbidities), clinical trauma and dissociation, prognosis estimates. Sex Offenses",,0
NCT02589379,Ultrasound Elastography for Prediction of Postoperative Pancreatic Fistula,https://clinicaltrials.gov/study/NCT02589379,UNKNOWN,The purpose of this study is to assess the value of preoperative objective modalities such as endoscopic ultrasound elastography and magnet resonance imaging in predicting development of postoperative pancreatic fistula in patients undergoing pancreatic surgery for benign or malignant disease.,NO,Pancreatic Fistula,PROCEDURE: Pancreatic Resection,"POPF rate (in %) as defined by the International Study Group on Pancreatic Fistula (ISGPF) in the soft versus hard pancreas group based on the median EUE stiffness measurements generated by values derived from hue histograms., within the 30 days after surgery","Pearson correlation coefficient between preoperative EUE measurements of pancreatic stiffness generated by values derived from hue histograms with the fat content (in %) of the resected specimen on histology., within the 30 days after surgery|Pearson correlation coefficient between preoperative EUE measurements of pancreatic stiffness generated by values derived from hue histograms with intra-operative ultrasound elastography measurements generated by values derived from hue histograms., within the 30 days after surgery|Postoperative pancreatic fistula rate (in %) as defined by the ISGPF in the soft versus hard pancreas group based on the median MRI fat measurement (in %) on histology., within the 30 days after surgery|Pearson correlation coefficient between preoperative MRI measurements of pancreatic fat (in %) with the fat content (in %) of the resected specimen on histology., within the 30 days after surgery|Postoperative pancreatic fistula rate (in %) as defined by the ISGPF in the soft versus hard pancreas group based on the surgeons assessment of stiffness on a visual analogue scale from soft (0) to hard (10) intraoperatively., within the 30 days after surgery|Pearson correlation coefficient between the two surgeons assessing pancreatic stiffness intraoperatively., within the 30 days after surgery|Intraclass correlation coefficient of the all measurements derived from EUE, IUE, MRI, surgeons assessment and histology., within the 30 days after surgery, within the 30 days after surgery",University of Zurich,,OBSERVATIONAL,2015-07,2019-05,,"University Hospital Zurich, Zurich, 8091, Switzerland",The purpose of this study is to assess the value of preoperative objective modalities such as endoscopic ultrasound elastography and magnet resonance imaging in predicting development of postoperative pancreatic fistula in patients undergoing pancreatic surgery for benign or malignant disease. Pancreatic Fistula,,1
NCT05193279,Safety and Immunogenicity of SCB-2019 in Children <18 Years of Age,https://clinicaltrials.gov/study/NCT05193279,WITHDRAWN,"This is a phase 2/3, randomized, controlled study to assess the reactogenicity, safety and immunogenicity of adjuvanted recombinant SARS-CoV-2 trimeric S-protein subunit vaccine (SCB-2019), when administered as 2-dose vaccination series in children below 18 years of age.",NO,COVID-19,"BIOLOGICAL: Candidate vaccine, SCB-2019","Phase 2, select optimal dose level of SCB-2019 vaccine by age cohort (5-11 years, 2-4 years, and < 2 years), based on safety, Proportion of subjects with solicited local and systemic adverse events, 7 days after dose 1 (Day 1-7)|Phase 2, select optimal dose level of SCB-2019 vaccine by age cohort (5-11 years, 2-4 years, and < 2 years), based on safety, Proportion of subjects with solicited local and systemic adverse events, 7 days after dose 2 (Day 22-28)|Phase 2, select optimal dose level of SCB-2019 vaccine in phase 2 by age cohort (5-11 years, 2-4 years, and < 2 years), based on immunogenicity, Geometric mean titer (GMT) of SARS-CoV-2 neutralising antibody (nAb), Day 36|Phase 3, non-inferiority (GMT) of SARS-CoV-2 nAb titers of SCB-2019 vaccine when given to participants 5 to < 12 years as compared to young adults (18 to < 25 years), GMT of SARS-CoV-2 nAb after 2 doses of SCB-2019 vaccine in participants 5 to 12 years over GMT in participants 18 to \< 25 years from CLO-SCB-2019-003 study, 21/15 days after second SCB-2019 dose|Phase 3, non-inferiority (GMT) of SARS-CoV-2 nAb titers of SCB-2019 vaccine when given to participants 2 to < 5 years as compared to young adults (18 to < 25 years), GMT of SARS-CoV-2 nAb after 2 doses of SCB-2019 vaccine in participants 2 to 5 years over GMT in participants 18 to \< 25 years from CLO-SCB-2019-003 study, 21/15 days after second SCB-2019 dose|Phase 3, non-inferiority (GMT) of SARS-CoV-2 nAb titers of SCB-2019 vaccine when given to participants birth to < 2 years as compared to young adults (18 to < 25 years), GMT of SARS-CoV-2 nAb after 2 doses of SCB-2019 vaccine in participants birth to 2 years over GMT in participants 18 to \< 25 years from CLO-SCB-2019-003 study, 21/15 days after second SCB-2019 dose","Phase 3, non-inferiority (SCR difference) of SARS-CoV-2 nAb titers of SCB-2019 vaccine when given to participants 5 to < 12 years as compared to young adults (18 to < 25 years), Proportion of participants achieving seroconversion for SARS-CoV-2 nAb after 2 doses of SCB-2019 vaccine in participants 5 to \< 12 years minus proportion in participants 18 to \< 25 years from CLO-SCB-2019-003 study, 21/15 days after second SCB-2019 dose|Phase 3, non-inferiority (SCR difference) of SARS-CoV-2 nAb titers of SCB-2019 vaccine when given to participants 2 to < 5 years as compared to young adults (18 to < 25 years), Proportion of participants achieving seroconversion for SARS-CoV-2 nAb after 2 doses of SCB-2019 vaccine in participants 2 to \< 5 years minus proportion in participants 18 to \< 25 years from CLO-SCB-2019-003 study, 21/15 days after second SCB-2019 dose|Phase 3, non-inferiority (SCR difference) of SARS-CoV-2 nAb titers of SCB-2019 vaccine when given to participants birth to < 2 years as compared to young adults (18 to < 25 years), Proportion of participants achieving seroconversion for SARS-CoV-2 nAb after 2 doses of SCB-2019 vaccine in participants birth to \< 2 years minus proportion in participants 18 to \< 25 years from CLO-SCB-2019-003 study, 21/15 days after second SCB-2019 dose|In phase 2 and 3, GMT of SARS-CoV-2 nAb, Day 1 , 22 and 36 (phase 2) and Day 1, 43, 64, 226 and 410 (phase 3)|In phase 2 and 3, proportion of participants achieving seroconversion for SARS-CoV-2 nAb, Day 22 and 36 (phase 2) and Day 43, 64, 226 and 410 (phase 3)|In phase 2 and 3, GMFR in SARS-CoV-2 nAb, Day 22 and 36 (phase 2) and Day 43, 64, 226 and 410 (phase 3)|In phase 2 and 3, proportion of participants with SARS-CoV-2 nAb above a certain threshold, Day 1 , 22 and 36 (phase 2) and Day 1, 43, 64, 226 and 410 (phase 3)|In phase 2 and 3, GMT of SCB-2019 Binding Antibody, Day 1 , 22 and 36 (phase 2) and Day 1, 43, 64, 226 and 410 (phase 3)|In phase 2 and 3, proportion of participants achieving seroconversion for SCB-2019 binding antibody, Day 22 and 36 (phase 2) and Day 43, 64, 226 and 410 (phase 3)|In phase 2 and 3, GMFR of SCB-2019 binding antibody, Day 22 and 36 (phase 2) and Day 43, 64, 226 and 410 (phase 3)|In phase 2 and 3, proportion of participants with SCB-2019 binding antibody above a certain threshold, Day 1 , 22 and 36 (phase 2) and Day 1, 43, 64, 226 and 410 (phase 3)|In phase 3, reactogenicity of the vaccine as indicated by the occurrence of solicited local and systemic reactions, In phase 3, proportion of participants with local and systemic AEs, 7 days after dose 1 (Day 1-7), dose 2 (Day 22-Day 28) and Dose 3 (Day 43-49)|Phase 2 and 3, safety of the vaccine in terms of occurrence of unsolicited adverse events, Proportion of subjects with unsolicited adverse events, Up to 21 days after the last vaccination|Phase 2 and 3, safety of the vaccine in terms of occurrence of MAAEs, SAEs, adverse events leading to discontinuation from study, and AESIs., Proportion of participants with any adverse events in this category., During the entire study period",Clover Biopharmaceuticals AUS Pty Ltd,,INTERVENTIONAL,05-10-2022,15-12-2022,,"Clínica de la Costa Ltda, Barranquilla, 080020, Colombia|Centro de Estudios en Infectología Pediátrica S.A.S. - CEIP S.A.S., Cali, Colombia","This is a phase 2/3, randomized, controlled study to assess the reactogenicity, safety and immunogenicity of adjuvanted recombinant SARS-CoV-2 trimeric S-protein subunit vaccine (SCB-2019), when administered as 2-dose vaccination series in children below 18 years of age. COVID-19",,1
NCT00770679,Effects of Statins on Lower Extremity Arterial Function Assessed by Magnetic Resonance Imaging,https://clinicaltrials.gov/study/NCT00770679,TERMINATED,"Cholesterol-lowering drugs called statins improve the functioning of the endothelium, and help prevent heart disease. The investigators are testing whether statins improve endothelial function more in the arteries that have worse endothelium to begin with. One of the functions of the endothelium is to help control how blood vessels dilate (expand) or contract (narrow) in different situations. This affects how blood flows through those vessels. Magnetic resonance imaging (MRI) can be used to evaluate endothelial function in the arms and legs noninvasively.",YES,Diabetes,DRUG: lipitor,"Mean Change in Low Density Lipoprotein (LDL), Serum LDL, mg/dL (baseline LDL-follow-up LDL), Change from baseline to follow-up, up to 5 weeks|Change in Endothelial Function as Measured on MRI in the Arms, chance from baseline to end of study, up to 5 weeks|Change in Endothelial Function as Measured on MRI in the Legs, chance from baseline to end of study, up to 5 weeks",,Johns Hopkins University,Pfizer,INTERVENTIONAL,2008-06,2012-07,13-09-2017,"Harry SIlber, MD, Baltimore, Maryland, 21224, United States","Cholesterol-lowering drugs called statins improve the functioning of the endothelium, and help prevent heart disease. The investigators are testing whether statins improve endothelial function more in the arteries that have worse endothelium to begin with. One of the functions of the endothelium is to help control how blood vessels dilate (expand) or contract (narrow) in different situations. This affects how blood flows through those vessels. Magnetic resonance imaging (MRI) can be used to evaluate endothelial function in the arms and legs noninvasively. Diabetes",,1
NCT01990079,Use of Technological Advances to Prevent Smoking Relapse Among Smokers With PTSD,https://clinicaltrials.gov/study/NCT01990079,COMPLETED,"The primary goal of the study is to evaluate the use of a new smart phone application in preventing relapse to smoking among people with PTSD. The technology intervention will combine a mobile system to reward non-smoking, smoking cessation counseling, smoking cessation medications, and use of the smart phone app. The primary aim is to evaluate how effective this intervention is in preventing smoking relapse compared to another intervention that does not include the app.",NO,PTSD|Smoking,DRUG: Bupropion|DRUG: nicotine replacement therapy|OTHER: Smoking cessation counseling|BEHAVIORAL: mobile contingency management|OTHER: Stay Quit Coach,"smoking, self-report, Participants' self-report of smoking in the past seven days will be measured at the end of the treatment intervention, and at 3 and 6-month follow-up contacts., 6 months follow-up","saliva cotinine, For participants reporting smoking abstinence at 3 and 6-months post treatment follow-ups, we will bio-verify smoking abstinence by collecting saliva samples that will be used to determine salivary cotinine levels., 6 months",Duke University,,INTERVENTIONAL,2013-12,2015-08,,"Duke University Medical Center, Durham, North Carolina, 27706, United States","The primary goal of the study is to evaluate the use of a new smart phone application in preventing relapse to smoking among people with PTSD. The technology intervention will combine a mobile system to reward non-smoking, smoking cessation counseling, smoking cessation medications, and use of the smart phone app. The primary aim is to evaluate how effective this intervention is in preventing smoking relapse compared to another intervention that does not include the app. PTSD|Smoking",,1
NCT06030479,Topical Adrenaline Versus Warm Saline Solution for Minimizing Intraperitoneal Bleeding During Caesarian Delivery for Placenta Previa / Accreta Spectrum ( PAS),https://clinicaltrials.gov/study/NCT06030479,RECRUITING,"Placenta accreta spectrum (PAS), encompassing the terms placenta accreta, increta, and percreta; abnormally invasive placenta; morbidly adherent placenta; and invasive placentation, is a leading cause of life-threatening obstetric haemorrage . Currently, more than 90% of women diagnosed with PAS also have a placenta praevia , and the combination of both conditions leads to high maternal morbidity and mortality due to massive haemorrhage at the time of birth . Maternal mortality of placenta praevia with percreta has been reported to be as high as 7% of cases .

Adrenaline has also been demonstrated to be a reasonable hemostatic agent because of its low cost, low risk, powerful vasoconstrictor, and platelet aggregation. Topical use of adrenaline is an effective and reasonable hemostatic agent in tonsillectomy.",NO,Placenta Accreta|Placenta Previa,DRUG: Topical adrenaline|DRUG: Warm saline,"control of intra-operative bleeding from surgical field., control of intra-operative bleeding from surgical field if bleeding stopped , or minimal oozing , towel are not soaked with blood and improvement of general condition with no hemoglobin drop., 30 minutes after application of topical drug","Need for hemostatic sutures , uterine artery ligation , internal iliac artery ligation , hysterectomy, Need for hemostatic sutures , uterine artery ligation , internal iliac artery ligation , hysterectomy, if bleeding continued 30 minutes after topical drugs|immediate maternal complications ( postpartum haemorrage , DIC , hysterectomy , maternal mortality , ICU admission , …), immediate maternal complications ( postpartum haemorrage , DIC , hysterectomy , maternal mortality , ICU admission , ...), 24 hours after delivery",Cairo University,,INTERVENTIONAL,01-02-2023,25-10-2023,,"Kasr Alainy outpatient clinic, Cairo, Egypt","Placenta accreta spectrum (PAS), encompassing the terms placenta accreta, increta, and percreta; abnormally invasive placenta; morbidly adherent placenta; and invasive placentation, is a leading cause of life-threatening obstetric haemorrage . Currently, more than 90% of women diagnosed with PAS also have a placenta praevia , and the combination of both conditions leads to high maternal morbidity and mortality due to massive haemorrhage at the time of birth . Maternal mortality of placenta praevia with percreta has been reported to be as high as 7% of cases .

Adrenaline has also been demonstrated to be a reasonable hemostatic agent because of its low cost, low risk, powerful vasoconstrictor, and platelet aggregation. Topical use of adrenaline is an effective and reasonable hemostatic agent in tonsillectomy. Placenta Accreta|Placenta Previa",,0
NCT02351479,"Hula, a Physical Activity Intervention for Female-Cancer Survivors",https://clinicaltrials.gov/study/NCT02351479,COMPLETED,"A six-month interventional program to determine the biological and psychosocial effects of hula as a form of physical activity for female breast, cervical, endometrial or ovarian cancer survivors living on Oahu.",NO,Physical Activity|Breast Cancer|Cervical Cancer|Ovarian Cancer|Endometrial Cancer,BEHAVIORAL: Hula,"Hula Program Feasibility (Compliance as measured by the proportion of total sessions attended and a questionnaire regarding satisfaction with the program at the end of the intervention), Compliance as measured by the proportion of total sessions attended and a questionnaire regarding satisfaction with the program at the end of the intervention, 6 months after the start of the intervention program","Biomarkers - Sex Hormones (Circulating levels of sex hormones measured in serum samples), Circulating levels of sex hormones measured in serum samples., Baseline, 6 months and 12 months after the start of the intervention program|Biomarkers - Cytokines (Circulating levels of cytokines measured in serum samples.), Circulating levels of cytokines measured in serum samples., Baseline, 6 months and 12 months after the start of the intervention program|Biomarkers - Inflammatory Markers (Circulating levels of leptin, CRP, IGF-1, and IGFBP3 measured in serum samples collectively.), Circulating levels of leptin, CRP, IGF-1, and IGFBP3 measured in serum samples collectively., Baseline, 6 months and 12 months after the start of the intervention program|DNA Methylation Patterns (DNA methylation patterns as detected with the Illumina Assay containing methylation sites in RefSeq genes and CpG islands collectively.), DNA methylation patterns as detected with the Illumina Assay containing methylation sites in RefSeq genes and CpG islands collectively., Baseline, 6 months and 12 months after the start of the intervention program|Self-Report Outcomes - Demographics (Collectively looking at demographic items as measured on the baseline questionnaire, including ethnicity, education, family, history of cancer, stage of cancer, treatment type, and comorbidities.), Collectively looking at demographic items as measured on the baseline questionnaire, including ethnicity, education, family, history of cancer, stage of cancer, treatment type, and comorbidities., Baseline, 6 months and 12 months after the start of the intervention program|Self-Report Outcomes - Physical Activity (Minutes per week of exercise assessed using The Women's Health Initiative Physical Activity Questionnaire), Minutes per week of exercise assessed using The Women's Health Initiative Physical Activity Questionnaire, Baseline, 6 months and 12 months after the start of the intervention program|Self-Report Outcomes - Health-Related Quality of Life (Quality of life of participants assessed using The European Organization for Research and Treatment of Cancer QLQ-C30.), Baseline, 6 months and 12 months after the start of the intervention program|Self-Report Outcomes - Fatigue (assessed using The Brief Fatigue Inventory (BFI), The severity and impact of fatigue on daily functioning assessed using The Brief Fatigue Inventory (BFI)., Baseline, 6 months and 12 months after the start of the intervention program|Self-Report Outcomes - Depression (indicated using The Centers for Epidemiological Studies Depression Scale (CES-ED), The presence of depression as indicated using The Centers for Epidemiological Studies Depression Scale (CES-ED)., Baseline, 6 months and 12 months after the start of the intervention program|Self-Report Outcomes - Affective States (assessed using The Profile of Mood States short form (POMS-SF) questionnaire.), Affect of participants assessed using The Profile of Mood States short form (POMS-SF) questionnaire., Baseline, 6 months and 12 months after the start of the intervention program|Self-Report Outcomes - Social Constraints (assessed using The 10-item Social Constraints Scale.), How people adjust and cope with a cancer diagnosis assessed using The 10-item Social Constraints Scale., Baseline, 6 months and 12 months after the start of the intervention program|Self-Report Outcomes - Cognitive Functioning (assessed using the 42-item FACTcog, 2 subscales assess cognitive deficiency and cognitive capability, Baseline, 6 months and 12 months after the start of the intervention program",University of Hawaii,,INTERVENTIONAL,2013-09,2017-12,,"University of Hawaii Cancer Center, Honolulu, Hawaii, 96813, United States","A six-month interventional program to determine the biological and psychosocial effects of hula as a form of physical activity for female breast, cervical, endometrial or ovarian cancer survivors living on Oahu. Physical Activity|Breast Cancer|Cervical Cancer|Ovarian Cancer|Endometrial Cancer",,1
NCT02680379,Combined Treatment of Minocycline and Lovastatin to Treat Individuals With Fragile X Syndrome,https://clinicaltrials.gov/study/NCT02680379,COMPLETED,"The purpose of this study is to determine whether Lovastatin, Minocycline and the combination Lovastatin/Minocycline are effective in treating behavioral symptoms in Fragile X individuals.",NO,Fragile X Syndrome,"DRUG: Minocycline, then Minocycline/Lovastatin|DRUG: Lovastatin, then Minocycline/Lovastatin","Change from baseline Aberrant Behavior Checklist-Community (ABC-C) total score at 8,12 and 20 weeks, baseline, 8 weeks, 12 weeks, 20 weeks","Clinical Global Impression Scale improvement (CGI-I), baseline, 8 weeks, 12 weeks, 20 weeks|Change from baseline Social Responsiveness Scale (SRS) at 8 and 20 weeks, baseline, 8 weeks, 20 weeks|Anxiety, depression and mood scale (ADAMS), change from baseline to 8 and 20 weeks, baseline, 8 weeks, 20 weeks|Behavior Rating Inventory of Executive Function (BRIEF), Before treatment and at the end of treatment (weeks 20)|Change from baseline Vineland II; adaptive behaviour scale at 20 weeks, baseline, 20 weeks",Université de Sherbrooke,FRAXA Research Foundation,INTERVENTIONAL,2016-03,2017-11,,"Centre de Recherche du CHUS, Sherbrooke, Quebec, J1H 5N4, Canada","The purpose of this study is to determine whether Lovastatin, Minocycline and the combination Lovastatin/Minocycline are effective in treating behavioral symptoms in Fragile X individuals. Fragile X Syndrome",,1
NCT01757379,Determination of the Bioavailability of Short Chain Fatty Acids in Healthy Humans,https://clinicaltrials.gov/study/NCT01757379,COMPLETED,"The purpose of the study is to evaluate the bioavailability of acetate, propionate and butyrate in healthy humans using a stable isotope technology.

In addition the level of acetate, propionate and butyrate production from inulin will be determined using the principle of isotope dilution.",NO,Short Chain Fatty Acids Bioavailability,DIETARY_SUPPLEMENT: 13C-labeled Acetate|DIETARY_SUPPLEMENT: 13C-labeled propionate|DIETARY_SUPPLEMENT: 13C-labeled butyrate|DIETARY_SUPPLEMENT: Inulin,"Concentrations of the short chain fatty acids (acetate, propionate and butyrate) in plasma and urine samples, Participants performed each 4 test days and they were followed each test day for 12 hours, with sample collections at regular time points. Blood samples were collected every hour during the first 4 hours and afterwards every 20 minutes during 8 hours. Urine samples were collected during 24h in different fractions: 0-4h, 4-8h, 8-12h, 12-24h., 12 hours each test day and 4 test days/volunteer",,KU Leuven,,INTERVENTIONAL,2011-04,,,"KU Leuven/ UZ Leuven, Leuven, Vlaams-Brabant, 3000, Belgium","The purpose of the study is to evaluate the bioavailability of acetate, propionate and butyrate in healthy humans using a stable isotope technology.

In addition the level of acetate, propionate and butyrate production from inulin will be determined using the principle of isotope dilution. Short Chain Fatty Acids Bioavailability",,1
NCT00575679,Behavior and Driving Safety Study,https://clinicaltrials.gov/study/NCT00575679,COMPLETED,The purpose of this study is to determine whether brief motivational interviews reduce the likelihood of driving under the influence of alcohol (DUI).,NO,Alcoholic Intoxication,BEHAVIORAL: Brief motivational interview,"Time to repeat arrest for driving under the influence of alcohol, Up until one year after the conclusion of enrollment","Alcohol Use Disorders Identification Test score, 6 and 12 months|Time to alcohol-related injury hospitalization, Up until one year after the conclusion of enrollment","University of California, Davis",Sacramento Police Department|California Office of Traffic Safety|University of Michigan|Robert Wood Johnson Foundation|Teachable Moment Foundation,INTERVENTIONAL,2008-01,20-02-2014,,"Sacramento County Main Jail, Sacramento, California, 95814, United States",The purpose of this study is to determine whether brief motivational interviews reduce the likelihood of driving under the influence of alcohol (DUI). Alcoholic Intoxication,,1
NCT01355679,Molecular Guided Therapy for Refractory or Recurrent Neuroblastoma,https://clinicaltrials.gov/study/NCT01355679,COMPLETED,"The purpose of this study is to test the feasibility (ability to be done) of an experimental test to help plan your cancer treatment. This study plan is not studying the effectiveness of the proposed combinations of therapy for your cancer that you may receive after the experimental testing.

This study will look at an experimental technology to determine a tumor's molecular makeup (gene expression profile). This technology (called ""OncInsights"") is being used to discover new ways to understand cancers and potentially predict the best treatments for patients with cancer in the future. The experimental technology has not been approved by the U.S. Food and Drug Administration.",YES,Neuroblastoma,DEVICE: Guided Therapy,"Percentage of Participants That Are Able to Meet Feasibility Parameters., Feasibility parameter defined as: Enrollment onto study, quality mRNA obtained, gene chip completed, tumor board held, medical monitor review and approval, start of treatment by 21 days post biopsy/surgical resection date, and then completion of 1 cycle of therapy."", 1 year","Number of Participants With Adverse Events as a Measure of Safety, To determine the safety of allowing a molecular tumor board to determine individualized treatment plans, 1 year|Overall Response Rate (ORR) of Participants Using RECIST Criteria, Per Response Evaluation Criteria In Solid Tumors Criteria (RECIST v1.0) for target lesions and assessed by MRI: Complete Response (CR), Disappearance of all target lesions; Partial Response (PR), \>=30% decrease in the sum of the longest diameter of target lesions; Overall Response (OR) = CR + PR., 1 year|Activity of Treatments Chosen Based on Progression Free Survival (PFS), Progression is defined using Response Evaluation Criteria In Solid Tumors Criteria (RECIST v1.0), as a 20% increase in the sum of the longest diameter of target lesions, or a measurable increase in a non-target lesion, or the appearance of new lesions, 1 year",Giselle Sholler,,INTERVENTIONAL,2011-05,2015-01,28-07-2016,"Connecticut Children's Hospital, Hartford, Connecticut, 06106, United States|Arnold Palmer Hospital for Children- MD Anderson, Orlando, Florida, 32806, United States|National Cancer Institute, Bethesda, Maryland, 20877, United States|Helen DeVos Children's Hospital, Grand Rapids, Michigan, 49503, United States|Children's Mercy Hospitals and Clinics, Kansas City, Missouri, 64108, United States|Cardinal Glennon Children's Medical Center, Saint Louis, Missouri, 63104, United States|Levine Children's Hospital, Charlotte, North Carolina, 28204, United States","The purpose of this study is to test the feasibility (ability to be done) of an experimental test to help plan your cancer treatment. This study plan is not studying the effectiveness of the proposed combinations of therapy for your cancer that you may receive after the experimental testing.

This study will look at an experimental technology to determine a tumor's molecular makeup (gene expression profile). This technology (called ""OncInsights"") is being used to discover new ways to understand cancers and potentially predict the best treatments for patients with cancer in the future. The experimental technology has not been approved by the U.S. Food and Drug Administration. Neuroblastoma",,1
NCT00652379,Co-treatment With Pegvisomant and a Somatostatin Analogue (SA) in SA-responsive Acromegalic Patients,https://clinicaltrials.gov/study/NCT00652379,COMPLETED,"The purpose of this study is to investigate if co-treatment of acromegalic patients, who beforehand are considered well-controlled on SA monotherapy, with pegvisomant and SA will improve insulin sensitivity and glucose tolerance, and if these effects of co-treatment can be obtained at a neutral cost as compared to SA mono therapy.

Second to investigate body composition, substrate metabolism, symptoms, intrahepatic and intramyocellular fat.",NO,Acromegaly|Insulin Resistance|Impaired Glucose Tolerance,DRUG: Pegvisomant|DRUG: Somatostatin analog (lanreotide or octreotide),"Insulin sensitivity, 0 and after 24 weeks","Glucose tolerance, 0 and after 24 weeks|Symptoms, QoL questionaire, 0, 12 and 24 weeks|Intrahepatic and intramyocellular fat, 0 and 24 weeks|Substrate metabolism, 0 and 24 weeks",University of Aarhus,"Aarhus University Hospital Skejby|Aarhus University Hospital|The Research Council for Health and Disease, Denmark",INTERVENTIONAL,2008-06,2011-05,,"Department of Endocrinology, Aarhus University Hospital, Aarhus C, Aarhus, 8000, Denmark","The purpose of this study is to investigate if co-treatment of acromegalic patients, who beforehand are considered well-controlled on SA monotherapy, with pegvisomant and SA will improve insulin sensitivity and glucose tolerance, and if these effects of co-treatment can be obtained at a neutral cost as compared to SA mono therapy.

Second to investigate body composition, substrate metabolism, symptoms, intrahepatic and intramyocellular fat. Acromegaly|Insulin Resistance|Impaired Glucose Tolerance",,1
NCT03743779,Mastering Diabetes Pilot Study,https://clinicaltrials.gov/study/NCT03743779,COMPLETED,This is a pilot study looking at past results of the Mastering Diabetes program utilizing a survey.,NO,Diabetes Mellitus,BEHAVIORAL: Mastering Diabetes,"glycosylated hemoglobin, change in glycosylated hemoglobin during program, 1 year|weight, change in weight during the program, 1 year","perception of health change, Survey question is:

Since completing Mastering Diabetes:

1. My health has continued to improve
2. My health has neither improved or declined
3. My health has declined
4. I don't know if my health has improved or declined, 1 year|perception of benefit, Survey question is:

I feel that Mastering Diabetes was:

1. Very helpful
2. Somewhat helpful
3. Neither helpful or unhelpful
4. Somewhat unhelpful
5. Very unhelpful, 1 year|adherence, Survey question:

Concerning the changes I made during participation in Mastering Diabetes:

1. I am still doing all of them
2. I am still doing most of them
3. I am still doing about half of them
4. I am still doing some of them
5. I am not doing any of them, 1 year",Ohio University,,OBSERVATIONAL,09-09-2018,01-07-2019,,"Ohio University, Athens, Ohio, 45701, United States",This is a pilot study looking at past results of the Mastering Diabetes program utilizing a survey. Diabetes Mellitus,,1
NCT02334579,Stereotactic Body Radiotherapy for Stage I-III Prostate Cancer,https://clinicaltrials.gov/study/NCT02334579,RECRUITING,"The purpose of this study is to find out the effects (good and bad) of highly focused radiation on you and your prostate cancer. The purpose of this evaluation is to see if this treatment causes fewer side effects that other standard treatment approaches, and to evaluate the effect of this treatment on your prostate tumor and your quality of life over time.",NO,Prostate Cancer|Prostatic Cancer|Prostate Neoplasms|Prostatic Neoplasms|Cancer of the Prostate,RADIATION: CyberKnife Stereotactic Radiosurgery,"Quality of life outcomes (low- and intermediate-risk prostate cancer groups), In the low- and intermediate-risk prostate cancer groups, to determine whether study treatment improves patient-reported quality of life outcomes compared to the approach used in a previous multi-center cyberknife stereotactic radiosurgery trial., 8 years|Rates of acute and late grade 3-5 gastrointestinal and genitourinary toxicities (high-risk group), In the high-risk group, to estimate rates of acute and late grade 3-5 gastrointestinal and genitourinary toxicities following cyberknife stereotactic radiosurgery., 8 years","Rates of toxicities related to treatment, After five years following cyberknife stereotactic radiosurgery, estimate rates of toxicities related to treatment., 5 years|Disease free survival, Measure disease free survival after five years following cyberknife stereotactic radiosurgery., 5 years|Overall survival, Measure overall survival after five years following cyberknife stereotactic radiosurgery., 5 years",Swedish Medical Center,,INTERVENTIONAL,2014-12,2024-12,,"Swedish Medical Center Radiosurgery Center, Seattle, Washington, 98122, United States","The purpose of this study is to find out the effects (good and bad) of highly focused radiation on you and your prostate cancer. The purpose of this evaluation is to see if this treatment causes fewer side effects that other standard treatment approaches, and to evaluate the effect of this treatment on your prostate tumor and your quality of life over time. Prostate Cancer|Prostatic Cancer|Prostate Neoplasms|Prostatic Neoplasms|Cancer of the Prostate",,1
NCT02166879,Undetected Sleep Apnea in the Postanesthesia Acute Care Unit (PACU),https://clinicaltrials.gov/study/NCT02166879,UNKNOWN,"The primary aim is to determine whether patients with suspected OSAHS as predicted by the STOP-BANG questionnaire will have an increased length of stay (LOS) in the postanesthesia acute care unit (PACU) compared with those without suspected OSAHS.

The second aim will be to determine the LOS in patients with known sleep apnea by history. This length of stay will be compared with LOS in patient with an affirmative response to the STOP-BANG questionnaire to determine if prior knowledge of diagnosed sleep apnea will be associated with a lower LOS than in patients with suspected OSA.

The third aim will be to characterize the adverse clinical outcomes (respiratory, cardiovascular, and neurological) associated with suspected OSAHS in patients who respond affirmatively to the STOP-BANG questionnaire and in those patients with known OSA. These data (including number of desaturations, bradypnea, brady- or tachycardia, and use of reversal agents) will be recorded by the PACU nursing staff. Unexpected admissions to the hospital and transfers to the intensive care units will also be measured. These data will help identify the most critical determinants of length of stay.",NO,"Sleep Apnea, Obstructive",BEHAVIORAL: Questionnaire,"Length of Stay (LOS) in the Postanesthesia Acute Care Unit (PACU), Length of stay in minutes as determined by the PACU nursing record documented. A difference in LOS of 15 minutes is considered to be clinically important. A 2-sample t-test used to compare OSAHS risk groups with respect to LOS., 1 day",,M.D. Anderson Cancer Center,,OBSERVATIONAL,02-09-2011,2020-08,,"University of Texas MD Anderson Cancer Center, Houston, Texas, 77030, United States","The primary aim is to determine whether patients with suspected OSAHS as predicted by the STOP-BANG questionnaire will have an increased length of stay (LOS) in the postanesthesia acute care unit (PACU) compared with those without suspected OSAHS.

The second aim will be to determine the LOS in patients with known sleep apnea by history. This length of stay will be compared with LOS in patient with an affirmative response to the STOP-BANG questionnaire to determine if prior knowledge of diagnosed sleep apnea will be associated with a lower LOS than in patients with suspected OSA.

The third aim will be to characterize the adverse clinical outcomes (respiratory, cardiovascular, and neurological) associated with suspected OSAHS in patients who respond affirmatively to the STOP-BANG questionnaire and in those patients with known OSA. These data (including number of desaturations, bradypnea, brady- or tachycardia, and use of reversal agents) will be recorded by the PACU nursing staff. Unexpected admissions to the hospital and transfers to the intensive care units will also be measured. These data will help identify the most critical determinants of length of stay. Sleep Apnea, Obstructive",,0
NCT04138979,Intestinal Microbiota of Breast Cancer Patients Undergoing Chemotherapy,https://clinicaltrials.gov/study/NCT04138979,UNKNOWN,"To date, few studies have addressed the link between gut microbiota and breast cancer chemotherapy, and previous studies have only provided a link between the gut and breast cancer.",NO,Microbiota,DRUG: cyclophosphamide,"Transcriptional changes in gut microbiota, The microbiota measured by 16S rRNA gene, baseline,1 day,7 day,14 days,22 days,29 days,36 days,44days,51days,58days,66days,73days,80days",,First Affiliated Hospital of Harbin Medical University,,OBSERVATIONAL,12-09-2019,15-10-2020,,"First affiliated hospital of Harbin medical university, Harbin, Heilongjiang, 150001, China","To date, few studies have addressed the link between gut microbiota and breast cancer chemotherapy, and previous studies have only provided a link between the gut and breast cancer. Microbiota",,1
NCT03460379,Bariatric Surgery and Pharmacokinetics of Escitalopram,https://clinicaltrials.gov/study/NCT03460379,RECRUITING,"Changes to gastric pH, gastric emptying time, gastrointestinal transit-time or the pre-systemic metabolizing effect of enzymes secreted in the mucosa may all alter the pharmacokinetics of medicines. These factors are potentially influenced by bariatric surgery. Little is so far known about how gastric bypass and sleeve gastrectomy impacts the biological availability of medication. In this study the pharmacokinetic effects of bariatric surgery on escitalopram are investigated.",NO,"Obesity, Morbid",DRUG: Escitalopram,"Escitalopram concentration in blood serum (area under curve (AUC)), From baseline to 1 year postoperatively",,Norwegian University of Science and Technology,St. Olavs Hospital|Volvat Medisinsk Senter Stokkan|Namsos Hospital|Alesund Hospital,OBSERVATIONAL,02-11-2016,2026-10,,"St. Olavs University Hospital, Trondheim, Norway","Changes to gastric pH, gastric emptying time, gastrointestinal transit-time or the pre-systemic metabolizing effect of enzymes secreted in the mucosa may all alter the pharmacokinetics of medicines. These factors are potentially influenced by bariatric surgery. Little is so far known about how gastric bypass and sleeve gastrectomy impacts the biological availability of medication. In this study the pharmacokinetic effects of bariatric surgery on escitalopram are investigated. Obesity, Morbid",,1
NCT00372879,Clinical Trial of Vitamin E to Treat Muscular Cramps in Patients With ALS,https://clinicaltrials.gov/study/NCT00372879,COMPLETED,Muscular cramps are a common and uncomfortable symptom of amyotrophic lateral sclerosis (ALS). This clinical trial will compare the response of high dose vitamin E supplementation to placebo for treatment of muscular cramps in patients with ALS. We hypothesize that vitamin E will be more effective than placebo in treating cramps.,NO,Amyotrophic Lateral Sclerosis,DIETARY_SUPPLEMENT: Vitamin E,"Reduction in number of muscle cramps experienced in a two week period., 4 weeks","Reduction in the duration of cramps and reduction in the severity of cramps, 4 weeks",Lawson Health Research Institute,,INTERVENTIONAL,2006-12,2010-08,,"London Health Sciences Centre, London, Ontario, N6A 5A5, Canada",Muscular cramps are a common and uncomfortable symptom of amyotrophic lateral sclerosis (ALS). This clinical trial will compare the response of high dose vitamin E supplementation to placebo for treatment of muscular cramps in patients with ALS. We hypothesize that vitamin E will be more effective than placebo in treating cramps. Amyotrophic Lateral Sclerosis,,1
NCT03284879,Post-Marketing Surveillance Study of OTEZLA,https://clinicaltrials.gov/study/NCT03284879,COMPLETED,"To evaluate the safety and efficacy of OTEZLA in actual clinical settings of use in patients with Psoriasis vulgaris that is with an inadequate response to topical therapies and Psoriasis arthropathica

1. Planned registration period 2 years
2. Planned surveillance period for 4 years from 6 months after launch",NO,Psoriasis,,"Adverse Events (AEs), Number of participants with adverse events, Up to approximately 12 months|General Improvement Rating, General Improvement Rating will be assessed by physician's observation, Approximately 1 year from administration|General health assessment on VAS, Visual Analog Scale (VAS) pain will be used for psoriatic arthritis patients' assessment., Approximately 1 year from administration|Changes in physician general assessment, PGA: assessment for psoriatic vulgaris by physician to classify disease activity in a consistent manner, Approximately 1 year from administration|Percentage of patients with Dermatology Life Quality Index (DLQI), The Dermatology Life Quality Index or DLQI is a dermatology-specific Quality of Life instrument. It is a simple 10-question validated questionnaire, Approximately 1 year from administration|Change from baseline activity for arthritis, Activity for arthritis Baseline is calculated by Disease Activity Score-DAS28 method, Approximately 1 year from administration",,Amgen,,OBSERVATIONAL,05-09-2017,20-03-2022,,"Tugi dermatology clinic, Kitakyushu, Fukuoka, 804-0081, Japan","To evaluate the safety and efficacy of OTEZLA in actual clinical settings of use in patients with Psoriasis vulgaris that is with an inadequate response to topical therapies and Psoriasis arthropathica

1. Planned registration period 2 years
2. Planned surveillance period for 4 years from 6 months after launch Psoriasis",,1
NCT00189579,Addition of Herceptin to a Carboplatin-Paclitaxel Regimen in Patients With Ovarian Cancer,https://clinicaltrials.gov/study/NCT00189579,TERMINATED,The purpose of this study is to evaluate whether or not the addition of Herceptin may be of benefit to a standard regimen of carboplatin-paclitaxel.,NO,Ovarian Cancer,DRUG: Herceptin,,,ARCAGY/ GINECO GROUP,Hoffmann-La Roche,INTERVENTIONAL,,2007-01,,"Hopital Hotel-Dieu, Paris, 75004, France",The purpose of this study is to evaluate whether or not the addition of Herceptin may be of benefit to a standard regimen of carboplatin-paclitaxel. Ovarian Cancer,,1
NCT04746079,Positive Imagery Therapy and the Incidence of Emergence Reactions With the Use of Ketamine,https://clinicaltrials.gov/study/NCT04746079,UNKNOWN,The purpose of this study is to determine if positive imagery therapy while using ketamine in procedural sedation reduces the number of emergence reactions and impacts pre and post-procedural anxiety.,NO,Procedural Sedation|Emergence Delirium,BEHAVIORAL: Positive Imagery Therapy,"Richmond Agitation Sedation Score (RASS) for those receiving procedural sedation with and without ketamine, RASS score measured is -5 to +4. A lower score indicates someone is more alert, calm, drowsy indicating the patient has no emergence reaction. Higher score indicates an emergence reaction occurred., From beginning of ketamine administration until patient returns to baseline. Estimated less than 1 hour.|Pittsburgh Agitation Score for those receiving procedural sedation with and without ketamine, PAS is measures from 0-16. A lower score indicated no agitation or emergence reaction while a higher score does., From beginning of ketamine administration until patient returns to baseline. Estimated less than 1 hour.",,Mercy Health Ohio,Lake Erie College of Osteopathic Medicine,INTERVENTIONAL,05-02-2021,2023-02,,"Mercy Health St Elizabeth Youngstown, Youngstown, Ohio, 44504, United States",The purpose of this study is to determine if positive imagery therapy while using ketamine in procedural sedation reduces the number of emergence reactions and impacts pre and post-procedural anxiety. Procedural Sedation|Emergence Delirium,,1
NCT03885479,Impact of Different Dietary IgGs on the Pathogenesis of IBD,https://clinicaltrials.gov/study/NCT03885479,UNKNOWN,"Identify the association between certain food IgGs (Wheat, rice, broad beans, cow milk, eggs, chicken and beef) and the immunological response in patients with IBD",NO,Inflammatory Bowel Diseases|Food Intolerance,DIAGNOSTIC_TEST: ELISA for the semi-quantitative analysis of serum food-specific IgGs against food-derived antigens,"Level of serum food specific IgGs in patients with IBD, Level of serum food specific IgGs in patients with Inflammatory bowel diseasea against 7 food-derived antigens (Wheat, rice, beans, cow milk, eggs, chicken and beef), baseline",,Assiut University,,OBSERVATIONAL,01-04-2019,31-03-2020,,,"Identify the association between certain food IgGs (Wheat, rice, broad beans, cow milk, eggs, chicken and beef) and the immunological response in patients with IBD Inflammatory Bowel Diseases|Food Intolerance",,1
NCT00865579,Open-Label Trial to Determine the Long-Term Safety of Safinamide in Parkinson's Disease Patients,https://clinicaltrials.gov/study/NCT00865579,TERMINATED,"Parkinson's Disease (PD) is a major neurodegenerative disorder in which there is a progressive loss of dopamine-containing neurons. The understanding that PD is a syndrome of dopamine (DA) deficiency led to the introduction in the clinical practice of L-dopa, a precursor of DA that crosses the blood brain barrier, and also to the use of selective inhibitors of MAO-B, the major DA metabolising enzyme in humans.

Safinamide is an inhibitor of MAO-B. This study is to evaluate the long term safety and tolerability of safinamide in PD patients, that have already completed a previous clinical study with Safinamide. The physical and neurological conditions as well as other safety parameters will get compared from baseline to subsequent visits.",NO,Parkinson's Disease,DRUG: Safinamide,"Change from baseline in Physical Exams, Anticipated time frame up to 3 years|Change from baseline in Neurologic Exams, Anticipated time frame up to 3 years|Change from baseline in Vital Signs, Anticipated time frame up to 3 years|Change from baseline in Laboratory Evaluations, Anticipated time frame up to 3 years|Change from baseline in Electrocardiograms, Anticipated time frame up to 3 years|Summary of Participants who had Adverse Experiences, Anticipated time frame up to 3 years|Change from baseline in Unified Parkinson's Disease Rating Scale (UPDRS), Anticipated time frame up to 3 years|Change from baseline in Dermatologic Exams, Anticipated time frame up to 3 years|Change from baseline in Ophthalmologic Exams, Anticipated time frame up to 3 years","Change from baseline in Health Resource Utilisation, Anticipated time frame up to 3 years|Change from baseline in EuroQol Group EQ-5D™ Quality of Life Scale, Anticipated time frame up to 3 years|Change from baseline in Parkinson Disease Questionnaire 39 (PDQ-39), Anticipated time frame up to 3 years",Newron Pharmaceuticals SPA,,INTERVENTIONAL,2009-04,2012-06,,"Research Site, Timis, Romania","Parkinson's Disease (PD) is a major neurodegenerative disorder in which there is a progressive loss of dopamine-containing neurons. The understanding that PD is a syndrome of dopamine (DA) deficiency led to the introduction in the clinical practice of L-dopa, a precursor of DA that crosses the blood brain barrier, and also to the use of selective inhibitors of MAO-B, the major DA metabolising enzyme in humans.

Safinamide is an inhibitor of MAO-B. This study is to evaluate the long term safety and tolerability of safinamide in PD patients, that have already completed a previous clinical study with Safinamide. The physical and neurological conditions as well as other safety parameters will get compared from baseline to subsequent visits. Parkinson's Disease",,1
NCT00294879,Effects of Inspiration Rise Time on Work of Breathing and Comfort of Conscious Patients on Mechanical Ventilation,https://clinicaltrials.gov/study/NCT00294879,COMPLETED,"Introduction Pressure Support Ventilation is widely used in patients in the ICU. Matching the patient's respiratory needs with adequate ventilator settings is necessary to ensure a low work of breathing (WOB) and maximal patient comfort. The inspiratory rise time (IRT) determines the time to reach the selected airway pressure. A short IRT results in a high peak inspiratory flow and a short time to reach that peak, but is also associated with the development of turbulent flow, resulting in increased WOB. Aim of this study is to investigate the effects of different IRT settings on WOB and patient comfort during pressure support ventilation.

Methods We will performed a prospective, single blind cohort study in patients on Pressure Support Ventilation. 10 healthy adult patients admitted to the ICU after elective facial or neck surgery will be included. All patients will be ventilated in pressure support mode using a Servo 300 ventilator (Siemens. Elema, Solna, Sweden), with a positive end expiratory pressure of 5 cm H2O, pressure support level of 12 cm H2O above PEEP and an inspiratory oxygen fraction of 0.40. Patients have to be awake and cooperative (Ramsay 2). WOB will be measured with an esophageal balloon, and miniature flowmeter (Bicore system). Breathing comfort will be evaluated using a visual analogue scale (VAS) ranging from 1 to 10. WOB and patient comfort will be measured (in random order) at 0, 5, and 10% IRT. For statistical analysis the two-way analysis of variance will used. A p value of \< 0.05 will be considered statistically significant.",NO,Mechanical Ventilation,"PROCEDURE: pressure support ventilation at 0, 5, and 10% IRT",Work of breathing,patient comfort,Radboud University Medical Center,,INTERVENTIONAL,2006-02,2008-03,,"Radboud University Nijmegen Medical Centre, Nijmegen, 6500 HB, Netherlands","Introduction Pressure Support Ventilation is widely used in patients in the ICU. Matching the patient's respiratory needs with adequate ventilator settings is necessary to ensure a low work of breathing (WOB) and maximal patient comfort. The inspiratory rise time (IRT) determines the time to reach the selected airway pressure. A short IRT results in a high peak inspiratory flow and a short time to reach that peak, but is also associated with the development of turbulent flow, resulting in increased WOB. Aim of this study is to investigate the effects of different IRT settings on WOB and patient comfort during pressure support ventilation.

Methods We will performed a prospective, single blind cohort study in patients on Pressure Support Ventilation. 10 healthy adult patients admitted to the ICU after elective facial or neck surgery will be included. All patients will be ventilated in pressure support mode using a Servo 300 ventilator (Siemens. Elema, Solna, Sweden), with a positive end expiratory pressure of 5 cm H2O, pressure support level of 12 cm H2O above PEEP and an inspiratory oxygen fraction of 0.40. Patients have to be awake and cooperative (Ramsay 2). WOB will be measured with an esophageal balloon, and miniature flowmeter (Bicore system). Breathing comfort will be evaluated using a visual analogue scale (VAS) ranging from 1 to 10. WOB and patient comfort will be measured (in random order) at 0, 5, and 10% IRT. For statistical analysis the two-way analysis of variance will used. A p value of \< 0.05 will be considered statistically significant. Mechanical Ventilation",,0
NCT04801979,Normative Values and Reference Equations of a New Incremental Step Test for the Assessment of Exercise Capacity for Portuguese Adults,https://clinicaltrials.gov/study/NCT04801979,COMPLETED,"According to the official guidelines, a range of settings for cardiorespiratory rehabilitation, including the community- and home-based models, are considered to answer to the inadequate number of rehabilitation services, especially at hospitals, and, also, to respond to the patients' needs. For these settings outside the hospitals, new strategies for the assessment of exercise capacity and exercise training are essential. The modality of stepping can be a promising tool because it is inexpensive, portable, and reflects one of the main activities of daily living (stair climbing). The development of a new field test implies the establishment of normative values and reference equations generated from data of populations without disabilities to aim to characterize a defined population at a specific period of time, and evaluate and compare an individual's performance within a population.",NO,Adults Without Disabilities,DIAGNOSTIC_TEST: Incremental Step Test,"Number of steps, The primary outcome will be the amount of steps performed in the step test, Through test completion, duration of the test 15 minutes","Dyspnea during the tests, Dyspnea experienced during the tests, monitored with the modified Borg scale, that ranges from 0 to 10, where 0 represents no dyspnea and 10 the worst dyspnea., Through test completion, duration of the test 15 minutes|Fatigue during the tests, Fatigue experienced during the tests, monitored with the modified Borg scale, that ranges from 0 to 10, where 0 represents no fatigue and 10 the worst fatigue, Through test completion, duration of the tests 15 minutes|Heart rate during the tests, Heart rate assessed during the tests, monitored with a cardiofrequencimeter, Through test completion, duration of the tests 15 minutes|Oxygen saturation during the tests, Oxygen saturation assessed during the tests, monitored with a pulse oximeter, Through test completion, duration of the tests 15 minutes",Polytechnic Institute of Porto,Nippon Gases Portugal,OBSERVATIONAL,30-05-2021,30-12-2022,,"Rui Vilarinho, Porto, 4200-072, Portugal","According to the official guidelines, a range of settings for cardiorespiratory rehabilitation, including the community- and home-based models, are considered to answer to the inadequate number of rehabilitation services, especially at hospitals, and, also, to respond to the patients' needs. For these settings outside the hospitals, new strategies for the assessment of exercise capacity and exercise training are essential. The modality of stepping can be a promising tool because it is inexpensive, portable, and reflects one of the main activities of daily living (stair climbing). The development of a new field test implies the establishment of normative values and reference equations generated from data of populations without disabilities to aim to characterize a defined population at a specific period of time, and evaluate and compare an individual's performance within a population. Adults Without Disabilities",,0
NCT01312779,Magna Mitral - 23mm,https://clinicaltrials.gov/study/NCT01312779,COMPLETED,"The purpose of this clinical study is to obtain human clinical data that demonstrates that the size 23mm Carpentier-Edwards PERIMOUNT Magna mitral pericardial valve, model 7000TFX, is a safe and effective replacement heart valve.",YES,Mitral Heart Valve Disease,DEVICE: Implantation of CEP Magna Mitral Model 7000TFX,"Percent of Early Adverse Events Divided, Number of early adverse events occurring within 30 days of procedure divided by the number of enrolled subjects times 100., Events occuring within 30 days of procedure|Percent of Late Adverse Events, Number of late events divided by the total number of late patient years times 100. Late patient years are calculated from 31 days post-implant to the date of the last contact (follow up or adverse event)., Events occurring >= 31 days and up through 5 years post-implant|Percentage of Subjects With Freedom From Serious Adverse Events (SAE) Post-implant > 30 Days, Subject's freedom from Serious Adverse Events at \> 30 days post-implant. Time to events were estimated by Kaplan-Meier method., >30 Days, 1 Year, 2 Years, 3 Years, 4 Years, and 5 Years post-implant|Subject's Average Effective Orifice Area (EOA) Measurement, Effective orifice area represents the cross-sectional area of the blood flow downstream of the mitral valve. Effective orifice area is evaluated by echocardiography over time., Pre-procedure and 1 Year post-Implant",,Edwards Lifesciences,,INTERVENTIONAL,2011-03,2018-11,03-03-2020,"Florida Hospital, Orlando, Florida, 32803, United States|Northwestern Hospital, Chicago, Illinois, 60611, United States|University of Iowa Hospitals & Clinics, Iowa City, Iowa, 52242, United States|Washington University, Saint Louis, Missouri, 63110, United States|Cooper University Hospital, Camden, New Jersey, 08103, United States|The John Paul II Hospital in Krakow, Krakow, 31-202, Poland","The purpose of this clinical study is to obtain human clinical data that demonstrates that the size 23mm Carpentier-Edwards PERIMOUNT Magna mitral pericardial valve, model 7000TFX, is a safe and effective replacement heart valve. Mitral Heart Valve Disease",,1
NCT04090879,Low Nicotine Content Cigarettes in Vulnerable Populations: Affective Disorders,https://clinicaltrials.gov/study/NCT04090879,ACTIVE_NOT_RECRUITING,"While the prevalence of smoking in the United States general population has declined over the past 50 years, there has been little to no decline among people with mental health conditions. Affective Disorders (ADs) are the most common mental health conditions in the US, and over 40% of people with ADs are current smokers. A national policy of reducing the nicotine content of cigarettes has the potential to reduce tobacco use, dependence, and related adverse health outcomes. Controlled trials in psychiatrically-stable smokers have shown that reducing the nicotine content in cigarettes can reduce cigarettes per day (CPD), dependence and tobacco toxicant exposure, with few adverse consequences.

The goal of the proposed trial is to experimentally model whether increasing the availability and appeal of an alternative, non-combusted source of nicotine (e-cigarettes) moderates the effect of altering the nicotine in cigarettes in smokers with ADs. Additionally, investigators will test whether allowing participants to personalize the flavor of the e-liquid alters any moderating effects their availability may have on tobacco cigarette smoking.

Daily smokers with current ADs will be recruited at Brown University and the University of Vermont.

Investigators will study two research cigarettes referred to here as Research Cigarette 1 (RC1) and Research Cigarette 2 (RC2). One of these cigarettes will be a normal nicotine content cigarette and the other will be a reduced nicotine content cigarette. Investigators will study two e-cigarette conditions referred to here as E-Cigarette Condition 1 (EC1) and E-Cigarette Condition 2 (EC2). Both e-cigarette conditions will involve the same commercially available devices and same nicotine-containing e-liquid, but in one condition that e-liquid will be available only in tobacco flavor while in the other condition that e-liquid will be available in multiple flavors from which participants can choose based on personal taste preference. Participants will be assigned to one of the following four study conditions: (1) RC1 only; (2) RC2 only; (3) RC2 + EC1; (4) RC2 + EC2.

Participants will be asked to use only their assigned study products for 16 weeks. Outcome measures include total CPD, cigarette demand assessed by behavioral economics-based purchase tasks, craving, withdrawal, psychiatric symptoms, breath carbon monoxide (CO), biomarkers of tobacco toxicant exposure, brain function and structure, and airway inflammation (fractional nitric oxide concentration in exhaled breath \[FeNO\]).",NO,Tobacco Use Disorder,OTHER: Either normal nicotine content cigarettes (15.8mg/g) or reduced nicotine content cigarettes (0.4mg/g)|OTHER: E-Cigarettes,"Cigarettes Per Day, 16 weeks",,Brown University,Food and Drug Administration (FDA)|National Institute on Drug Abuse (NIDA)|University of Vermont,INTERVENTIONAL,18-09-2019,2024-01,,"Brown University, Providence, Rhode Island, 02912, United States|University of Vermont, Burlington, Vermont, 05401, United States","While the prevalence of smoking in the United States general population has declined over the past 50 years, there has been little to no decline among people with mental health conditions. Affective Disorders (ADs) are the most common mental health conditions in the US, and over 40% of people with ADs are current smokers. A national policy of reducing the nicotine content of cigarettes has the potential to reduce tobacco use, dependence, and related adverse health outcomes. Controlled trials in psychiatrically-stable smokers have shown that reducing the nicotine content in cigarettes can reduce cigarettes per day (CPD), dependence and tobacco toxicant exposure, with few adverse consequences.

The goal of the proposed trial is to experimentally model whether increasing the availability and appeal of an alternative, non-combusted source of nicotine (e-cigarettes) moderates the effect of altering the nicotine in cigarettes in smokers with ADs. Additionally, investigators will test whether allowing participants to personalize the flavor of the e-liquid alters any moderating effects their availability may have on tobacco cigarette smoking.

Daily smokers with current ADs will be recruited at Brown University and the University of Vermont.

Investigators will study two research cigarettes referred to here as Research Cigarette 1 (RC1) and Research Cigarette 2 (RC2). One of these cigarettes will be a normal nicotine content cigarette and the other will be a reduced nicotine content cigarette. Investigators will study two e-cigarette conditions referred to here as E-Cigarette Condition 1 (EC1) and E-Cigarette Condition 2 (EC2). Both e-cigarette conditions will involve the same commercially available devices and same nicotine-containing e-liquid, but in one condition that e-liquid will be available only in tobacco flavor while in the other condition that e-liquid will be available in multiple flavors from which participants can choose based on personal taste preference. Participants will be assigned to one of the following four study conditions: (1) RC1 only; (2) RC2 only; (3) RC2 + EC1; (4) RC2 + EC2.

Participants will be asked to use only their assigned study products for 16 weeks. Outcome measures include total CPD, cigarette demand assessed by behavioral economics-based purchase tasks, craving, withdrawal, psychiatric symptoms, breath carbon monoxide (CO), biomarkers of tobacco toxicant exposure, brain function and structure, and airway inflammation (fractional nitric oxide concentration in exhaled breath \[FeNO\]). Tobacco Use Disorder",,0
NCT06395779,Comparison of Neuromuscular Exercises and Dance Therapy on Physical Performance and Kinesiophobia Results in Geriatrics,https://clinicaltrials.gov/study/NCT06395779,RECRUITING,"Objective: The aim of this study is to compare neuromuscular exercises and dance Therapy on physical performance and kinesiophobia results in geriatrics.

Methods: As a result of the power analysis (G-Power), 36 participants are planned to be included in this study Block randomization will be used to divide participants into 2 groups, each with at least 18 participants: Group 1 (NE Group) and Group 2 (DT Group) (Randomizer.org). NE (Neuromuscular Exercise) group will participate in a 12-week exercise program consisting of sensorimotor system training, postural stability and control, global and local joint stabilization, balance training, muscle strength, breathing, and functional movement patterns.DT (Dance Therapy) Group will participate in 12-week dance training by a dance instructor. In dance therapy practices, simple and selected basic movements are appropriate to the level of the participants. Data will be collected using the Berg Balance Scale,30-second-Sit-to-Stand Test, Manual Muscle Testing, goniometer measurement and Tampa Scale of Kinesiophobia.

Practice Implications: This current study will contribute to the understanding of how neuromuscular exercises and dance therapy affect physical function and kinesiophobia in geriatrics.",NO,Geriatrics|Neuromuscular Exercise|Dance Therapy|Kinesiophobia,BEHAVIORAL: Neuromuscular Exercise Group|BEHAVIORAL: Dance Therapy Group,"Change in balance, Change in static balance will be evaluated using Berg Balance Scale. The scale consists of 14 questions scored between 0-4. Scores between 0-20 indicate imbalance, scores between 21-40 indicate normal balance, and scores between 41-56 indicate good balance., Before exercise programs and immediately after 12 weeks.|Change in muscular fitness, Change in muscular fitness will be evaluated using 30-second-Sit-to-Stand Test, Before exercise programs and immediately after 12 weeks.|Change in muscle strength, Change in muscle strength will be evaluated using Manual Muscle Testing., Before exercise programs and immediately after 12 weeks.|Change in range of motion, Change in range of motion will be evaluated using Goniometer Measurement, Before exercise programs and immediately after 12 weeks.|Change in kinesiophobia, Change in kinesiophobia will be evaluated using Tampa Scale of Kinesiophobia. The Scale consists of 17 questions and the high score indicates that the kinesiophobia is high., Before exercise programs and immediately after 12 weeks.",,Alanya Alaaddin Keykubat University,,INTERVENTIONAL,15-05-2024,15-08-2024,,"Özüm Çetinkaya, Alanya, Antalya, 07100, Turkey","Objective: The aim of this study is to compare neuromuscular exercises and dance Therapy on physical performance and kinesiophobia results in geriatrics.

Methods: As a result of the power analysis (G-Power), 36 participants are planned to be included in this study Block randomization will be used to divide participants into 2 groups, each with at least 18 participants: Group 1 (NE Group) and Group 2 (DT Group) (Randomizer.org). NE (Neuromuscular Exercise) group will participate in a 12-week exercise program consisting of sensorimotor system training, postural stability and control, global and local joint stabilization, balance training, muscle strength, breathing, and functional movement patterns.DT (Dance Therapy) Group will participate in 12-week dance training by a dance instructor. In dance therapy practices, simple and selected basic movements are appropriate to the level of the participants. Data will be collected using the Berg Balance Scale,30-second-Sit-to-Stand Test, Manual Muscle Testing, goniometer measurement and Tampa Scale of Kinesiophobia.

Practice Implications: This current study will contribute to the understanding of how neuromuscular exercises and dance therapy affect physical function and kinesiophobia in geriatrics. Geriatrics|Neuromuscular Exercise|Dance Therapy|Kinesiophobia",,0
NCT03287479,Comparison of a Semi-automated Closed Vitrification System (Gavi®) With a Manual Open Vitrification Sytem (Cryotop®),https://clinicaltrials.gov/study/NCT03287479,COMPLETED,"The GAVI® closed vitrification system is a CE labelled device licensed for use in human IVF. It has been developed to standardize the process of vitrification and to increase the safety of the procedure. It has been demonstrated that the novel semiautomated, closed vitrification system providing standardized equilibration prior to cryopreservation can produce similar results in terms of recovery rate and Embryo development up to the blastocyst stage as compared to the commonly used Manual Cryotop® open vitrifcation system when applied in a mouse model.

Furthermore, its application has resulted in first pregnancies after transfer of vitrifiedwarmed biopsied human blastocyts. Due to limitations of the preliminary studies (application in mouse model; absence of a larger clinical Trial assessing pregnancy and live birth rates in human model etc.) it is of paramount importance to compare the GAVI® vitrification method to the routinely used Cryotop® method in a human IVF setting employing randomization and a-priori sample size definitions.

The primary objective of this study is to demonstrate non-inferiority of vitrification using the semi-automated GAVI® closed system over the so-far routinely used manual Cryotop® open system in terms of post-thawing survival rate of 2PN oocytes.

The secondary objective of this trial is to study differences in embryo development, clinical pregnancy rate, ongoing pregnancy rate and live birth rate.

Furthermore, differences in procedure duration and convenience will be evaluated.",NO,Infertility,PROCEDURE: Gavi® Vitrification|PROCEDURE: Cryotop® Vitrification,"post-thawing survival rate, confirmation of survival by presence of intact oolemma and regular cytoplasm 2 hours post warming procedure and by observation of embryonic cleavage on, 2 hours","Number of top quality embryos on day 2, Number of top quality embryos on day 2 (according to the Istanbul Consensus on embryo assessment) divided by the number of vitrified- warmed 2PN-oocytes, 2 days|Number of top quality embryos on day 3, Number of top quality embryos on day 3 (according to the Istanbul Consensus on embryo assessment) divided by the number of vitrified- warmed 2PN-oocytes, 3 days|Number of top quality embryos on day 5, Number of top quality embryos on day 5 (according to the Istanbul Consensus on embryo assessment) divided by the number of vitrified- warmed 2PN-oocytes, 5 days|Number of top quality embryos on day 6, Number of top quality embryos on day 6 (according to the Istanbul Consensus on embryo assessment) divided by the number of vitrified- warmed 2PN-oocytes, 6 days|Clinical pregnancy rate, number of viable pregnancies at 6 weeks of gestation per ITT and PP, 6 weeks|Ongoing pregnancy rate, number of viable pregnancies at 12 weeks of gestation per ITT and PP, 12 weeks|Live birth rate, number of at least one live born infant per ITT and PP, 44 weeks",University of Luebeck,,INTERVENTIONAL,06-09-2018,25-11-2020,,"Universitäres Kinderwunschzentrum Kiel, Kiel, 24105, Germany|Universitäres Kinderwunschzentrum Lübeck, Lübeck, 23562, Germany|Kinderwunsch-Zentrum Ulm, Ulm, 89077, Germany","The GAVI® closed vitrification system is a CE labelled device licensed for use in human IVF. It has been developed to standardize the process of vitrification and to increase the safety of the procedure. It has been demonstrated that the novel semiautomated, closed vitrification system providing standardized equilibration prior to cryopreservation can produce similar results in terms of recovery rate and Embryo development up to the blastocyst stage as compared to the commonly used Manual Cryotop® open vitrifcation system when applied in a mouse model.

Furthermore, its application has resulted in first pregnancies after transfer of vitrifiedwarmed biopsied human blastocyts. Due to limitations of the preliminary studies (application in mouse model; absence of a larger clinical Trial assessing pregnancy and live birth rates in human model etc.) it is of paramount importance to compare the GAVI® vitrification method to the routinely used Cryotop® method in a human IVF setting employing randomization and a-priori sample size definitions.

The primary objective of this study is to demonstrate non-inferiority of vitrification using the semi-automated GAVI® closed system over the so-far routinely used manual Cryotop® open system in terms of post-thawing survival rate of 2PN oocytes.

The secondary objective of this trial is to study differences in embryo development, clinical pregnancy rate, ongoing pregnancy rate and live birth rate.

Furthermore, differences in procedure duration and convenience will be evaluated. Infertility",,0
NCT03964779,Prevalence of Thyroid Dysfunction and Anti-thyroid Antibodies in Infertile Women,https://clinicaltrials.gov/study/NCT03964779,UNKNOWN,"The study population will be divided into three groups:

* Group (A) consisting of 40 infertile women with either unexplained or anovulatory infertility with/without associated male factor of infertility,
* Group (B) consisting of 40 infertile women with tubal (mechanical) factor of infertility with/without associated male factor of infertility, and
* Group (C) consisting of 40 women with exclusive male factor of infertility and will be used as a control group.

  . All women will be subjected to:
* Informed consent
* Full history taking, including age, duration of infertility and whether primary or secondary
* General and pelvix examination
* Trans-vaginal ultrasonography
* Determination of hormonal profile (FSH, LH, Estradiol, Prolactin)
* Determination of ovulatory status
* Determination of of tubal patency
* Determination of presence of male factor
* Determination of TSH and antithyroid antibodies (antithyroglobulin and antithyroid peroxidase) blood levels",NO,"Infertility, Female",DIAGNOSTIC_TEST: Hormonal assay|DIAGNOSTIC_TEST: Antibody assay,"prevalence of thyroid dysfunction among infertile women, prevalence of thyroid dysfunction (clinical or subclinical, hypothyroidism or hyperthyroidism) among infertile women, through study completion, an average of 6 months",,Cairo University,,OBSERVATIONAL,2019-05,2020-01,,"Kasr Alainy medical school, Cairo, 12151, Egypt","The study population will be divided into three groups:

* Group (A) consisting of 40 infertile women with either unexplained or anovulatory infertility with/without associated male factor of infertility,
* Group (B) consisting of 40 infertile women with tubal (mechanical) factor of infertility with/without associated male factor of infertility, and
* Group (C) consisting of 40 women with exclusive male factor of infertility and will be used as a control group.

  . All women will be subjected to:
* Informed consent
* Full history taking, including age, duration of infertility and whether primary or secondary
* General and pelvix examination
* Trans-vaginal ultrasonography
* Determination of hormonal profile (FSH, LH, Estradiol, Prolactin)
* Determination of ovulatory status
* Determination of of tubal patency
* Determination of presence of male factor
* Determination of TSH and antithyroid antibodies (antithyroglobulin and antithyroid peroxidase) blood levels Infertility, Female",,0
NCT03550079,Fixation for the Treatment of Femoral Neck Fractures,https://clinicaltrials.gov/study/NCT03550079,UNKNOWN,"The femoral neck fracture is the most prevalent injuries which commonly encountered among older people with high mortality, morbidity and young fit healthy ones who subjected to high-energy trauma . Non-union or avascular necrosis of femoral neck fracture which lead to loss of labor capacity and death, is the most commonly occurred complication and results in considerable burden for family. The treatment is difficult and challenging, and to minimize the negative results such as limited mobilization or other complications, it is essential to take active prevention and appropriate treatment depending on fracture pattern and patients' characteristics as early as possible. However, current implant selections for femoral neck fractures remain a topic of greater interest and controversy, and vary substantially from each other .",NO,Femoral Neck Fracture,PROCEDURE: fixation,"outcome measure were evaluated by femoral neck shortening with X rays, femoral neck shortening after 1 year with radiology measure,, up to 12 months","nonunion, the number of nonunion at the end of follow up in patients, up to 12 months|screw-exit, screw-exit afer 1 year with X rays in all patients, up to 12 months|cut-out, cut-out of the screw evaluating with x rays in all patients, up t 12 months",Hebei Medical University Third Hospital,,INTERVENTIONAL,01-10-2017,30-12-2018,,"the Third Hospital of Hebei Medical University, Shijiazhuang, Hebei, 050000, China","The femoral neck fracture is the most prevalent injuries which commonly encountered among older people with high mortality, morbidity and young fit healthy ones who subjected to high-energy trauma . Non-union or avascular necrosis of femoral neck fracture which lead to loss of labor capacity and death, is the most commonly occurred complication and results in considerable burden for family. The treatment is difficult and challenging, and to minimize the negative results such as limited mobilization or other complications, it is essential to take active prevention and appropriate treatment depending on fracture pattern and patients' characteristics as early as possible. However, current implant selections for femoral neck fractures remain a topic of greater interest and controversy, and vary substantially from each other . Femoral Neck Fracture",,1
NCT02079779,Efficacy Study of an Interactive Robot for the Rehabilitation of the Upper Limb in Acute Stroke Patients,https://clinicaltrials.gov/study/NCT02079779,COMPLETED,"Stroke is the principal cause of permanent disability within the investigators population. This incapacity justifies an intensive and prolonged multidisciplinary rehabilitation, which can be optimized by robotics.

The investigators team has developed a robot designed to rehabilitate the upper limb. This robot allows the patient to perform active, passive, or assisted exercises. The system is also able to assess movement quality and to provide a feedback to the patient and the therapist via a graphical interface. This therapy is designed to improve functional recovery of patients, and then their quality of life.

Few quality studies have evaluated the efficacy of robotic assisted therapy in patients at the acute stage of rehabilitation (\< 3 months post stroke) when most improvements are observed.

Thus, the aim of this study was to objectify the effectiveness of robotic-assisted rehabilitation in the acute stage after stroke by evaluating the 3 fields of the ICF (International Classification of Functioning, Disability and Health) and performing a prospective multicenter randomized controlled single blind trial. In this study, 60 stroke patients will be recruited and randomized into two groups. All patients will receive a similar classical rehabilitation as a basis. Patients of the control and experimental groups will receive a supplement of classical rehabilitation and robotic-assisted therapy, respectively.",NO,Acute Stroke,OTHER: Robotic-assisted therapy|OTHER: Classical therapy,"Kinematic, Change from Baseline in Kinematic at an expected average of 2 months (after the treamtment) and 6 months post stroke","Fugl-Meyer upper limb assessment, Change from Baseline in upper limb motor control at an expected average of 2 months (after the treamtment) and 6 months post stroke|Stroke Impairment Assessment Set (sensitive and Pain items), Change from Baseline in sensitivity and pain at an expected average of 2 months (after the treamtment) and 6 months post stroke|Box and Block test, Change from Baseline in manual ability at an expected average of 2 months (after the treamtment) and 6 months post stroke|Strenght test of the Medical Research council, Change from Baseline in upper limb strenght at an expected average of 2 months (after the treamtment) and 6 months post stroke|Ashworth test, Change from Baseline in upper limb spasticity at an expected average of 2 months (after the treamtment) and 6 months post stroke|Bell's test, Change from Baseline in Hemineglect at an expected average of 2 months (after the treamtment) and 6 months post stroke|Wolf Motor Function Test, Change from Baseline in activity of daily living at an expected average of 2 months (after the treamtment) and 6 months post stroke|Abilhand, Change from Baseline in activity of daily living at an expected average of 2 months (after the treamtment) and 6 months post stroke|Activlim, Change from Baseline in activity of daily living at an expected average of 2 months (after the treamtment) and 6 months post stroke|Stroke Impact Scale (Participation item), Change from Baseline in participation in social activities at an expected average of 2 months (after the treamtment) and 6 months post stroke",Cliniques universitaires Saint-Luc- Université Catholique de Louvain,,INTERVENTIONAL,09-01-2015,02-10-2017,,"Cliniques Universitaires Saint Luc, Brussel, 1200, Belgium|Centre Hospitalier Valida, Bruxelles, Belgium|Centre Neurologique William Lennox, Ottignies, 1340, Belgium","Stroke is the principal cause of permanent disability within the investigators population. This incapacity justifies an intensive and prolonged multidisciplinary rehabilitation, which can be optimized by robotics.

The investigators team has developed a robot designed to rehabilitate the upper limb. This robot allows the patient to perform active, passive, or assisted exercises. The system is also able to assess movement quality and to provide a feedback to the patient and the therapist via a graphical interface. This therapy is designed to improve functional recovery of patients, and then their quality of life.

Few quality studies have evaluated the efficacy of robotic assisted therapy in patients at the acute stage of rehabilitation (\< 3 months post stroke) when most improvements are observed.

Thus, the aim of this study was to objectify the effectiveness of robotic-assisted rehabilitation in the acute stage after stroke by evaluating the 3 fields of the ICF (International Classification of Functioning, Disability and Health) and performing a prospective multicenter randomized controlled single blind trial. In this study, 60 stroke patients will be recruited and randomized into two groups. All patients will receive a similar classical rehabilitation as a basis. Patients of the control and experimental groups will receive a supplement of classical rehabilitation and robotic-assisted therapy, respectively. Acute Stroke",,0
NCT03111979,The Effects of 4 Week β-alanine Supplementation on Knee Extensor Contractile and Force Properties in the Over 60s,https://clinicaltrials.gov/study/NCT03111979,SUSPENDED,"The older population is the fastest growing age group worldwide, but it is also the most susceptible to chronic diseases and disabilities. One of the most common negative consequences of aging is the decline in muscle mass, strength and power. This is most notable in lower limb muscles. These muscles are required for the performance of daily activities including walking, stair climbing and standing up from sitting. Regular exercise is considered one of the most effective measures to slow, and even reverse the progression of muscle weakness. Nevertheless older adults may notice a decline in their capability to undertake regular exercises, this may be due to a decline in their muscle's ability to buffer pH. Carnosine (made by bonding β-alanine and histidine) has been suggested to contribute to the extension of physical performance, counteracting the decline the muscle's ability to buffer pH. Yet this pH buffering process it largely restricted by the amount of β-alanine available in the human body. β-alanine is already known to decline in older individuals due to a reduction in food products (meat, fish and poultry). Yet through either consumption of β-alanine rich food, or through short-term supplementation, β-alanine is raised, increasing carnosine concentrations. Improved β-alanine levels can potentially advance exercise performance, for example significant improvements in time to exhaustion on both a constant (37%) and incremental (12%) treadmill tests have been demonstrated. It is therefore proposed that via β-alanine supplementation, an individual's perception of their frailty, maintenance of health and independent living can be improved in older individuals.

However, these findings are based on participants, both young and older, who are well-rested with no prior exercise or fatigue to the assessed muscles. It remains unclear if β-alanine supplementation will aid in the buffering of pH when the muscle has already been fatigued. Therefore this investigation hopes to examine the effects of 4 week β-alanine supplementation on lower limb contractile and force properties, pre and post muscle specific fatigue.",NO,Muscle Function,DIETARY_SUPPLEMENT: beta-alanine|DIETARY_SUPPLEMENT: Placebo,"Half relaxation time, The time taken to decline to 50% maximum following a evoked twitch contraction, 4 weeks","Force frequency relationship, Assessed during electrically evoked contractions, 4 weeks|Time to peak tension, The time taken to reach peak in evoked twitch contractions, 4 weeks|Electromechanical delay, The time between EMG onset and force onset in twitch contractions, 4 weeks|Maximal voluntary force production, The maximal force produced during a voluntary isometric contraction, 4 weeks|Explosive voluntary force production, The quickest rate of force developed during voluntary isometric contractions at greater than 80% of voluntary maximum, with no pre-tension or swinging back of the assessed leg., 4 weeks",Nottingham Trent University,,INTERVENTIONAL,2014-04,2018-10,,,"The older population is the fastest growing age group worldwide, but it is also the most susceptible to chronic diseases and disabilities. One of the most common negative consequences of aging is the decline in muscle mass, strength and power. This is most notable in lower limb muscles. These muscles are required for the performance of daily activities including walking, stair climbing and standing up from sitting. Regular exercise is considered one of the most effective measures to slow, and even reverse the progression of muscle weakness. Nevertheless older adults may notice a decline in their capability to undertake regular exercises, this may be due to a decline in their muscle's ability to buffer pH. Carnosine (made by bonding β-alanine and histidine) has been suggested to contribute to the extension of physical performance, counteracting the decline the muscle's ability to buffer pH. Yet this pH buffering process it largely restricted by the amount of β-alanine available in the human body. β-alanine is already known to decline in older individuals due to a reduction in food products (meat, fish and poultry). Yet through either consumption of β-alanine rich food, or through short-term supplementation, β-alanine is raised, increasing carnosine concentrations. Improved β-alanine levels can potentially advance exercise performance, for example significant improvements in time to exhaustion on both a constant (37%) and incremental (12%) treadmill tests have been demonstrated. It is therefore proposed that via β-alanine supplementation, an individual's perception of their frailty, maintenance of health and independent living can be improved in older individuals.

However, these findings are based on participants, both young and older, who are well-rested with no prior exercise or fatigue to the assessed muscles. It remains unclear if β-alanine supplementation will aid in the buffering of pH when the muscle has already been fatigued. Therefore this investigation hopes to examine the effects of 4 week β-alanine supplementation on lower limb contractile and force properties, pre and post muscle specific fatigue. Muscle Function",,0
NCT03916679,MESO-CAR T Cells Therapy for Relapsed and Refractory Epithelial Ovarian Cancer,https://clinicaltrials.gov/study/NCT03916679,UNKNOWN,The goal of this clinical trial is to study the feasibility and efficacy of anti-MESO antigen receptors (CARs) T cell therapy for relapsed and refractory epithelial ovarian cancer.,NO,Ovarian Cancer,BIOLOGICAL: anti-MESO CAR-T cells,"Safety measured by occurrence of study related adverse effects defined by NCI CTCAE 4.0, 12 months post infusion","Overall complete remission rate defined by the standard response criteria for malignant lymphoma for each arm, 12 months post infusion|Progress Free Survival (PFS) after administration, 12 months post infusion|Duration of CAR-positive T cells in circulation, 12 months post infusion|Detection of PD1 antibody in serum, 12 months post infusion","Second Affiliated Hospital, School of Medicine, Zhejiang University",,INTERVENTIONAL,20-04-2019,20-04-2023,,"The Second Affiliated hospital of Zhejiang University School of Medicine, Hangzhou, Zhejiang, 310009, China",The goal of this clinical trial is to study the feasibility and efficacy of anti-MESO antigen receptors (CARs) T cell therapy for relapsed and refractory epithelial ovarian cancer. Ovarian Cancer,,1
NCT00632879,The Study of Metabolic Syndrome in Hemodialysis Patients,https://clinicaltrials.gov/study/NCT00632879,UNKNOWN,"Metabolic syndrome (MS), comprised of central obesity, glucose intolerance, hyperinsulinemia, low HDL-cholesterol (HDL-C), high triglyceride (TG) and hypertension, results in markedly increased risk for cardiovascular disease in the general population. The National Cholesterol Education Program Adult Treatment Panel III (NCEP ATP III) report recommended the use of five variables for the diagnosis of the MS including waist circumference (WC), serum TG concentration, serum HDL-C concentration, blood pressure and fasting glucose concentration. A waist circumference of 80 cm in women and 90 cm in men would better identify those with the MS in Asian populations. However, the studies of modified asian criteria of metabolic syndrome in hemodialysis (HD) patients are scarce.

We will perform prevalence investigation, cross-sectional study, and prospective investigation for metabolic syndrome in our HD patients (around 360 at present). We will enroll all the patients who receive maintenance HD more than three months in our HD center. The patients who are hospitalizing, suffered from active malignancy, active infections, recent cardiovascular events and surgery will be excluded in the beginning of study. Biochemistry and anthropometric parameters including HDL-C, TG, insulin resistance index, high sensitivity C-reactive protein and WC will be collected and analyzed. We will also prospectively establish the mortality and hospitalization indices of these patients, to study the prognosis of HD patient with or without metabolic syndrome.

This study will be helpful to understand whether the application of a modified criteria of metabolic syndrome in HD patients is capable to predict cardiovascular events, hospitalization and mortality rates.",NO,Hemodialysis|Metabolic Syndrome X|Insulin Resistance,,,,Far Eastern Memorial Hospital,National Taiwan University Hospital,OBSERVATIONAL,2007-03,2008-03,,"Far Eastern Memorial Hospital, PanChiao, Taipei, 220, Taiwan","Metabolic syndrome (MS), comprised of central obesity, glucose intolerance, hyperinsulinemia, low HDL-cholesterol (HDL-C), high triglyceride (TG) and hypertension, results in markedly increased risk for cardiovascular disease in the general population. The National Cholesterol Education Program Adult Treatment Panel III (NCEP ATP III) report recommended the use of five variables for the diagnosis of the MS including waist circumference (WC), serum TG concentration, serum HDL-C concentration, blood pressure and fasting glucose concentration. A waist circumference of 80 cm in women and 90 cm in men would better identify those with the MS in Asian populations. However, the studies of modified asian criteria of metabolic syndrome in hemodialysis (HD) patients are scarce.

We will perform prevalence investigation, cross-sectional study, and prospective investigation for metabolic syndrome in our HD patients (around 360 at present). We will enroll all the patients who receive maintenance HD more than three months in our HD center. The patients who are hospitalizing, suffered from active malignancy, active infections, recent cardiovascular events and surgery will be excluded in the beginning of study. Biochemistry and anthropometric parameters including HDL-C, TG, insulin resistance index, high sensitivity C-reactive protein and WC will be collected and analyzed. We will also prospectively establish the mortality and hospitalization indices of these patients, to study the prognosis of HD patient with or without metabolic syndrome.

This study will be helpful to understand whether the application of a modified criteria of metabolic syndrome in HD patients is capable to predict cardiovascular events, hospitalization and mortality rates. Hemodialysis|Metabolic Syndrome X|Insulin Resistance",,0
NCT01070979,Hormone Replacement Therapy for Use in Postmenopausal Women for Relief of Hot Flushes and Urogenital Symptoms.,https://clinicaltrials.gov/study/NCT01070979,COMPLETED,"Multicenter, double-blind, controlled, parallel group, randomized study to compare the clinical benefit of Estradiol acetate tablets, estradiol tablets and conjugated equine estrogen tablets, each administered orally, once daily, to postmenopausal women.",YES,Hormone Replacement Therapy,DRUG: Estradiol acetate|DRUG: Estradiol|DRUG: Conjugated equine estrogens,"Mean Change From Baseline in the Number of Moderate to Severe Hot Flushes, Week 4, ITT (Intention to Treat) Population, Severity of hot flush definitions: mild - sensation of heat without perspiration, moderate - sensation of heat with perspiration, able to continue activity, severe - sensation of heat with perspiration, causing the subject to stop activity or awaken from sleep, Baseline to Week 4|Mean Change From Baseline in the Number of Moderate to Severe Hot Flushes, Week 12, ITT Population, Severity of hot flush definitions: mild - sensation of heat without perspiration, moderate - sensation of heat with perspiration, able to continue activity, severe - sensation of heat with perspiration, causing the subject to stop activity or awaken from sleep, Baseline to Week 12","Mean Change From Baseline in the Severity of Moderate to Severe Hot Flushes, Week 4, ITT Population, Patient self-reported outcome. Severity of hot flush definitions: mild (1) - sensation of heat without perspiration, moderate (2) - sensation of heat with perspiration, able to continue activity, severe (3) - sensation of heat with perspiration, causing the subject to stop activity or awaken from sleep. Minimum 0/no hot flushes, Maximum 3/all severe hot flushes. Lower the score the greater the improvement in reducing hot flushes., Baseline to Week 4|Mean Change From Baseline in the Severity of Moderate to Severe Hot Flushes, Week 12, ITT Population, Patient self-reported outcome. Severity of hot flush definitions: mild (1) - sensation of heat without perspiration, moderate (2) - sensation of heat with perspiration, able to continue activity, severe (3) - sensation of heat with perspiration, causing the subject to stop activity or awaken from sleep. Minimum 0/no hot flushes, Maximum 3/all severe hot flushes. Lower the score the greater the improvement in reducing hot flushes., Baseline to Week 12|Mean Change From Baseline in Total Urogenital Symptom Score, Week 4, ITT Population, Urogenital Symptom Severity scored none=0, mild=1, moderate=2, severe=3., Baseline to Week 4|Change From Baseline in Total Urogenital Symptom Score, Week 8, ITT Population, Urogenital Symptom Severity scored none=0, mild=1, moderate=2, severe=3., Baseline to Week 8|Change From Baseline in Total Urogenital Symptom Score, Week 12, ITT Population, Urogenital Symptom Severity scored none=0, mild=1, moderate=2, severe=3., Baseline to Week 12",Warner Chilcott,,INTERVENTIONAL,2003-02,2003-09,08-04-2011,"Warner Chilcott Investigational Site, Phoenix, Arizona, 85031, United States|Warner Chilcott Investigational Site, Carmichael, California, 95608, United States|Warner Chilcott Investigational Site, San Diego, California, 92108, United States|Warner Chilcott Investigational Site, San Diego, California, 92123, United States|Warner Chilcott Investigational Site, Aventura, Florida, 33180, United States|Warner Chilcott Investigational Site, Boynton Beach, Florida, 33437, United States|Warner Chilcott Investigational Site, Clearwater, Florida, 33765, United States|Warner Chilcott Investigational Site, Daytona Beach, Florida, 32114, United States|Warner Chilcott Investigational Site, Gainesville, Florida, 32605, United States|Warner Chilcott Investigational Site, Longwood, Florida, 32779, United States|Warner Chilcott Investigational Site, Melbourne, Florida, 32935, United States|Warner Chilcott Investigational Site, Miami, Florida, 33143, United States|Warner Chilcott Investigational Site, Palm Springs, Florida, 33461, United States|Warner Chilcott Investigational Site, Pinellas Park, Florida, 33781, United States|Warner Chilcott Investigational Site, Sarasota, Florida, 34232, United States|Warner Chilcott Investigational Site, Venice, Florida, 34285, United States|Warner Chilcott Investigational Site, Roswell, Georgia, 30075, United States|Warner Chilcott Investigational Site, Chicago, Illinois, 60612, United States|Warner Chilcott Investigational Site, Peoria, Illinois, 61615, United States|Warner Chilcott Investigational Site, Laurel, Maryland, 20707, United States|Warner Chilcott Investigational Site, Lincoln, Nebraska, 68510, United States|Warner Chilcott Investigational Site, Raleigh, North Carolina, 27612, United States|Warner Chilcott Investigational Site, Winston Salem, North Carolina, 27103, United States|Warner Chilcott Investigational Site, Cleveland, Ohio, 44122, United States|Warner Chilcott Investigational Site, Columbus, Ohio, 43212, United States|Warner Chilcott Investigational Site, Mogadore, Ohio, 44260, United States|Warner Chilcott Investigational Site, Portland, Oregon, 97201, United States|Warner Chilcott Investigational Site, Pittsburgh, Pennsylvania, 15206, United States|Warner Chilcott Investigational Site, Nashville, Tennessee, 37203, United States|Warner Chilcott Investigational Site, Salt Lake City, Utah, 84124, United States|Warner Chilcott Investigational Site, Spokane, Washington, 99201, United States|Warner Chilcott Investigational Site, Tacoma, Washington, 98405, United States","Multicenter, double-blind, controlled, parallel group, randomized study to compare the clinical benefit of Estradiol acetate tablets, estradiol tablets and conjugated equine estrogen tablets, each administered orally, once daily, to postmenopausal women. Hormone Replacement Therapy",,1
NCT04617379,Stretching and Musculoskeletal Pain,https://clinicaltrials.gov/study/NCT04617379,COMPLETED,"The purpose of this study is to assess whether a daily, 15-minute stretching routine for one year reduces musculoskeletal pain and improves quality of life in personnel working in the radiology and cardiology departments at Mayo Clinics and Mayo Clinic Health System sites.",NO,Musculoskeletal Pain,BEHAVIORAL: Stretching,"Change in the DASH index score, The DASH (Disability Arm, Shoulder, and Hand outcomes) is scored on a 0-100 scale. Higher score indicates greater disability. A change of 10 more points from baseline, noted at the end of the study will be considered significant, 12 months|Change in ODI (Oswestry Disability Index), The OSI is scored on a 0-100 scale, zero being with no disability and 100 with maximum disability possible. A change of 10 points from baseline will be considered significant, 12 months",,Mayo Clinic,,INTERVENTIONAL,31-01-2021,30-04-2022,,"Mayo Clinic Arizona, Scottsdale, Arizona, 85259, United States|Mayo Clinic Florida, Jacksonville, Florida, 32224, United States|Mayo Clinic Health System in Mankato, Mankato, Minnesota, 56001, United States|Mayo Clinic Rochester, Rochester, Minnesota, 55905, United States|Mayo Clinic Health System - Eau Claire, Eau Claire, Wisconsin, 54703, United States|Mayo Clinic Health System - Franciscan Healthcare, La Crosse, Wisconsin, 54601, United States","The purpose of this study is to assess whether a daily, 15-minute stretching routine for one year reduces musculoskeletal pain and improves quality of life in personnel working in the radiology and cardiology departments at Mayo Clinics and Mayo Clinic Health System sites. Musculoskeletal Pain",,1
NCT02948179,Using Preimplantation Genetic Diagnosis in Autosomal Dominant Polycystic Kidney Disease Patients: a Multicenter Clinical Trial,https://clinicaltrials.gov/study/NCT02948179,COMPLETED,"Autosomal dominant polycystic kidney disease (ADPKD) is the most common monogenic hereditary kidney disease in humans. ADPKD may affect all the generations of the ADPKD family and the probability of ADPKD is 50% in the second generation for each gender. It has been confirmed that PKD1 and PKD2 are two pathogenic genes of ADPKD. Nowadays, the investigators have established an effective gene detection technology platform for PKD1/2 gene with long fragment PCR and next generation sequencing. First, the investigators performed genetic testing in patients with clinically diagnosed ADPKD and strong fertility desire, but afraid of hereditary risk. Using Preimplantation genetic diagnosis, including multiple annealing and looping-based amplification cycles amplification technique, the investigators successfully screened out healthy embryos by In Vitro Fertilization. Then the investigators transplanted embryos returned to the parent. When the baby is born, using umbilical cord blood gene detection, the investigators confirmed that the neonates do not inherit genetic defects form parents. The investigators have succeeded in one couple. The investigators design a multicenter clinical trial to confirm those procedures efficacy and safety.",NO,"Polycystic Kidney, Type 1 Autosomal Dominant Disease",PROCEDURE: Preimplantation Genetic Diagnosis,"Healthy baby Rate without pathogenic gene inheritance, The investigators will do umbilical cord blood gene detection for the baby to confirm with or without pathogenic gene inheritance. The investigators will compare two groups of healthy newborns rate., through study completion, an average of 2 year","Success rate in pretest of preimplantation genetic diagnosis, Using couples blood to do pretest of preimplantation genetic diagnosis in Peripheral blood mononuclear lymphocyte., through study completion, an average of 2 year|Technical failure rate of preimplantation genetic diagnosis., The rate of amniotic fluid puncture test or umbilical cord blood gene detection confirm the offspring containing pathogenic gene mutation., Amniotic fluid puncture test (pregnancy 16 to 19 weeks ) and Birth day|Oocyte retrieval rate, The proportion of good eggs obtained after ovulation induction, through study completion, an average of 2 years|Good quality embryo rate, The well-developed blastocyst ratio obtained after intracytoplasmic sperm injection, through study completion, an average of 2 years|Pregnancy rate, Successful pregnancy rate of transplanted embryo, Four weeks after embryo transplantation|Take home baby rate, Healthy newborn birth rate in preimplantation genetic diagnosis group, Two week after neonatus birth day|The total kidney volume change rate, The investigators do twice kidney MRI scan for calculating total kidney volume change rate between enroll and postpartum 6 months., From enroll to postpartum 6 months|The estimated glomerular filtration rate change, The investigators do twice serum creatinine test between enroll and postpartum 6 months, then using CKD-EPI formula to calculate eGFR., From enroll to postpartum 6 months",Changlin Mei,"The First Affiliated Hospital of Anhui Medical University|The First Affiliated Hospital with Nanjing Medical University|Shandong Provincial Hospital|Tang-Du Hospital|Shengjing Hospital|Second Xiangya Hospital of Central South University|Reproductive & Genetic Hospital of CITIC-Xiangya|Peking University Third Hospital|Navy General Hospital, Beijing|The Affiliated Nanjing Drum Tower Hospital of Nanjing University Medical School|The First Affiliated Hospital of Soochow University|Sir Run Run Shaw Hospital|Fuzhou General Hospital|The First Affiliated Hospital of Zhengzhou University|Wuhan TongJi Hospital|Wuhan Union Hospital, China|Renmin Hospital of Wuhan University|Xiangya Hospital of Central South University|First Affiliated Hospital, Sun Yat-Sen University|Sun Yat-Sen Memorial Hospital of Sun Yat-Sen University|Southwest Hospital, China|LanZhou University|Shaanxi Provincial People's Hospital|West China Hospital|West China Second University Hospital|Sichuan Provincial People's Hospital|Hebei Medical University Third Hospital|Hebei Province Center for Reproductive Medicine|The Second Hospital of Hebei Medical University|Hospital for Reproductive Medicine Affiliated to Shandong University",INTERVENTIONAL,02-09-2016,31-12-2020,,"The First Affiliated Hospital of Anhui Medical University, Hefei, Anhui, 230000, China|Navy General Hospital, Beijing, Beijing, 100000, China|Peking University Third Hospital, Beijing, Beijing, 100000, China|Southwest Hospital, Chongqing, Chongqing, 400000, China|Fuzhou General Hospital, Fuzhou, Fujian, 350000, China|The First Hospital of Lanzhou University, Lanzhou, Gansu, 730000, China|Sun Yat-sen Memorial Hospital of Sun Yat-sen University, Guangzhou, Guangdong, 510000, China|The First Affiliated Hospital of Sun Yat-sen University, Guangzhou, Guangdong, 510000, China|Hebei Province Center for Reproductive Medicine, Shijiazhuang, Hebei, 050000, China|The Second Hospital of Hebei Medical University, Shijiazhuang, Hebei, 050000, China|The Third Hospital of Hebei Medical University, Shijiazhuang, Hebei, 050000, China|The First Affiliated Hospital of Zhengzhou University, Zhengzhou, Henan, 450000, China|Renmin Hospital of Wuhan University, Wuhan, Hubei, 430000, China|Wuhan Tongji Hospital, Wuhan, Hubei, 430000, China|Wuhan Union Hospital, Wuhan, Hubei, 430000, China|Reproductive & Genetic Hospital of CITIC-Xiangya, Changsha, Hunan, 410000, China|Second Xiangya Hospital of Central South University, Changsha, Hunan, 410000, China|Xiangya Hospital of Central South University, Changsha, Hunan, 410000, China|The Affiliated Nanjing Drum Tower Hospital of Nanjing University Medical School, Nanjing, Jiangsu, 210000, China|The First Affiliated Hospital with Nanjing Medical University, Nanjing, Jiangsu, 210000, China|The First Affiliated Hospital of Soochow University, Suzhou, Jiangsu, 215000, China|Shengjing Hospital, Shenyang, Liaoning, 110000, China|Hospital for Reproductive Medicine Affiliated to Shandong University, Jinan, Shandong, 250000, China|Shandong Provincial Hospital, Jinan, Shandong, 250000, China|Shanghai Changzheng Hospital, Shanghai, Shanghai, 200000, China|Shanxi Provincial People's Hospital, Taiyuan, Shanxi, 030000, China|Tang-Du Hospital, Xi'an, Shanxi, 710000, China|Shanxi Provincial People's Hospital, Chengdu, Sichuan, 610000, China|West China Hospital of Sichuan University, Chengdu, Sichuan, 610000, China|West China Second University Hospital, Chengdu, Sichuan, 610000, China|Sir Run Run Shaw Hospital of Zhejiang University, Hangzhou, Zhejiang, 310000, China","Autosomal dominant polycystic kidney disease (ADPKD) is the most common monogenic hereditary kidney disease in humans. ADPKD may affect all the generations of the ADPKD family and the probability of ADPKD is 50% in the second generation for each gender. It has been confirmed that PKD1 and PKD2 are two pathogenic genes of ADPKD. Nowadays, the investigators have established an effective gene detection technology platform for PKD1/2 gene with long fragment PCR and next generation sequencing. First, the investigators performed genetic testing in patients with clinically diagnosed ADPKD and strong fertility desire, but afraid of hereditary risk. Using Preimplantation genetic diagnosis, including multiple annealing and looping-based amplification cycles amplification technique, the investigators successfully screened out healthy embryos by In Vitro Fertilization. Then the investigators transplanted embryos returned to the parent. When the baby is born, using umbilical cord blood gene detection, the investigators confirmed that the neonates do not inherit genetic defects form parents. The investigators have succeeded in one couple. The investigators design a multicenter clinical trial to confirm those procedures efficacy and safety. Polycystic Kidney, Type 1 Autosomal Dominant Disease",,0
NCT06187779,Induction ATAD Catheter and Lower Segment Thickness,https://clinicaltrials.gov/study/NCT06187779,ACTIVE_NOT_RECRUITING,"A prospective cohort study of pregnant women undergoing induction of labor at term .inculding- Women with a singleton pregnancy at ≥ 37 weeks' gestation, with a live fetus in cephalic presentation. all women will undergo transvaginal ultrasound assessment before induction of labor admission. Maternal and obstetric characteristics and Bishop score will be recorded. The main outcome is the overall rate of Cesarean delivery after induction of labor.",NO,Induction of Labor Affected Fetus / Newborn,OTHER: Lower segment measurment,"Cesarean section prevalence, Number of patients who delivered with CS, during labor",,Meir Medical Center,,INTERVENTIONAL,06-12-2023,06-12-2026,,"Meir Medical Center, Kfar Saba, Israel","A prospective cohort study of pregnant women undergoing induction of labor at term .inculding- Women with a singleton pregnancy at ≥ 37 weeks' gestation, with a live fetus in cephalic presentation. all women will undergo transvaginal ultrasound assessment before induction of labor admission. Maternal and obstetric characteristics and Bishop score will be recorded. The main outcome is the overall rate of Cesarean delivery after induction of labor. Induction of Labor Affected Fetus / Newborn",,1
NCT06326879,A Comparative Study Between Early Onset Colorectal Cancer and Late Onset Colorectal Cancer Patients,https://clinicaltrials.gov/study/NCT06326879,RECRUITING,"This study aims to investigate the clinical, socioeconomic, behavioral, genetic, and molecular factors characterizing Early Onset Colorectal Cancer (EOCRC) patients compared with Late Onset Colorectal Cancer (LOCRC) patients",NO,Colorectal Cancer,OTHER: No intervention,"Incidence rate ratio of colorectal cancer recurrence, Incidence rate ratio of 24-month colorectal cancer recurrence- defined as any radiological or endoscopic evidence of local recurrence or distal metastasis after the index surgery in stage I-III patients- between the study cohorts, 24 months after surgery","Correlation between lifestyle and incidence rate of colorectal cancer recurrence, Compare the association between physical activity, dietary, and lifestyle behaviors and 24-month colorectal cancer recurrence in the study cohorts., 24 months after surgery|Correlation between genetic profile and incidence rate of colorectal cancer recurrence, Compare the association between the genetic profile of the surgical specimens, as identified by whole exome sequencing of the fresh and paraffin-embedded tumor specimen, and the 24-month CRC recurrence in the study cohorts, 24 months after surgery|Correlation between molecular profile and incidence rate of colorectal cancer recurrence, Compare the association between the molecular profile of the serum samples and surgical specimens, as identified by RNA sequencing and spatial transcriptomic analyses at different time points during the follow-up, and 24-month CRC recurrence between the study cohorts, 24 months after surgery|Correlation between socioeconomic characteristics and incidence rate of colorectal cancer recurrence, Compare the association between socioeconomic characteristics, including access to health resources and inclusion in screening programs or experimental therapies, and 24-month CRC recurrence in the study cohorts., 24 months after surgery",Istituto Clinico Humanitas,,OBSERVATIONAL,30-11-2023,30-10-2027,,"IRCCS Humanitas Research Hospital, Rozzano, MI, 20089, Italy","This study aims to investigate the clinical, socioeconomic, behavioral, genetic, and molecular factors characterizing Early Onset Colorectal Cancer (EOCRC) patients compared with Late Onset Colorectal Cancer (LOCRC) patients Colorectal Cancer",,1
NCT06355479,A Study to Evaluate the Efficacy and Safety of OsrHSA in Patients of Hepatic Cirrhosis With Hypoalbuminemia,https://clinicaltrials.gov/study/NCT06355479,COMPLETED,"The goal of this clinical trial is to evaluate the efficacy of OsrHSA works to treat hypoalbuminemia in hepatic cirrhosis patients. It will also learn about the safety and immunogenicity of OsrHSA. The main question it aims to answer is whether OsrHSA is effective in elevating the serum albumin level of cirrhotic patients with hypoalbuminemia.

Researchers will compare OsrHSA to the positive comparator, plasma-derived HSA (pHSA) to see if OsrHSA presents as non-inferior to pHSA in the indication of hypoalbuminemia in hepatic cirrhosis patients.

Participants will be randomized in a 1:1 ratio to receive OsrHSA or HpHSA (20g IV qd) for up to 14 days, following an EOT visit. Follow-up visits will be taken on EOT+7d, EOT+14d, and EOT+30d, respectively.",NO,Hypoalbuminemia|Hepatic Cirrhosis,DRUG: OsrHSA|DRUG: Plasbumin®-20,"To evaluate the efficacy of OsrHSA on elevating the serum albumin level., Percentage of participants whose albumin level reaches 35 g/L or above at any time up to 14 days of the study intervention., Day 1 to Day 14","To estimate the time to reach 35 g/L or more in serum albumin, Time to reach serum albumin 35 g/L or more by the end of the treatment (EOT), Day 1 to Day 14|To estimate the change from baseline in serum albumin, To estimate the change from baseline to the end of treatment (EOT) in serum albumin, Day 1 to Day 14|To estimate the change from baseline in colloid osmotic pressure, The change from baseline to the end of treatment (EOT) will be measured in Colloid osmotic pressure, Day 1 to Day 14|To estimate the change from baseline in body weight, The change in body weight will be measured from baseline to the end of treatment (EOT), Day 1 to Day 14|To estimate the change from baseline in abdominal circumference, and ascites severity, The change in abdominal circumferences will be measured from baseline to the end of treatment (EOT), Day 1 to Day 14|To estimate the change from baseline in ascites severity, The change in ascites severity will be measured from baseline to the end of treatment (EOT), Day 1 to Day 14",Healthgen Biotechnology Corp.,,INTERVENTIONAL,10-04-2023,12-12-2023,,"Beijing Friendship Hospital, Capital Medical University, Beijing, Beijing, China|Beijing Youan Hospital, Capital Medical University, Beijing, Beijing, China|Chongqing University Three Gorges Hospital, Chongqing, Chongqing, China|The Second Affiliated Hospital of Chongqing Medical University, Chongqing, Chongqing, China|Mengchao Hepatobiliary Hospital of Fujian Medical University, Fuzhou, Fujian, China|The First Affiliated Hospital of Fujian Medical University, Fuzhou, Fujian, China|Nanfang Hospital, Guangzhou, Guangdong, China|The Third Affiliated Hospital, Sun Yat-Sen University, Guangzhou, Guangdong, China|Huizhou Central People's Hospital, Huizhou, Guangdong, China|Affiliated Hospital of Guilin Medical University, Guilin, Guangxi, China|Liuzhou Worker's Hospital, Liuzhou, Guangxi, China|The First Affiliated Hospital of Guangxi Medical University, Nanning, Guangxi, China|Affiliated Hospital Of Zunyi Medical University, Zunyi, Guizhou, China|The Fourth Affiliated Hospital, Harbin Medical University, Harbin, Heilongjiang, China|Luoyang Central Hospital, Luoyang, Henan, China|The First Affiliated Hospital of Zhengzhou University, Zhengzhou, Henan, China|The Sixth People's Hospital of Zhengzhou, Zhengzhou, Henan, China|Jingzhou Central Hospital, Jingzhou, Hubei, China|TaiHe Hospital, Shiyan, Hubei, China|The Central Hospital of Wuhan, Wuhan, Hubei, China|Wuhan Jinyintan Hospital, Wuhan, Hubei, China|Yichang Central People's Hospital, Yichang, Hubei, China|Yueyang Central Hospital, Yueyang, Hunan, China|The Third People's Hospital of Zhenjiang, Zhenjiang, Jiangsu, China|First Affiliated Hospital of Gannan Medical University, Ganzhou, Jiangxi, China|The First Affiliated Hospital of Nanchang University, Nanchang, Jiangxi, China|Pingxiang People's Hospital, Pingxiang, Jiangxi, China|Yichun People's Hospital, Yichun, Jiangxi, China|Hepatobiliary Hospital Of Jilin, Chang chun, Jilin, China|The First Hospital of Jilin University, Chang chun, Jilin, China|The Sixth People's Hospital of Shenyang, Shenyang, Liaoning, China|The People's Hospital of Qinghai, Xining, Qinghai, China|Shandong Public Health Clinical Center, Jinan, Shandong, China|West China Hospital, Sichuan University, Chengdu, Sichuan, China|The Second Affiliated Hospital of Kunming Medical University, Kunming, Yunnan, China|Ruian People's Hospital, Rui'an, Zhejiang, China|The First School of Medicine, School of Information and Engineering, The First Affiliated Hospital of Wenzhou Medical University, Wenzhou, Zhejiang, China","The goal of this clinical trial is to evaluate the efficacy of OsrHSA works to treat hypoalbuminemia in hepatic cirrhosis patients. It will also learn about the safety and immunogenicity of OsrHSA. The main question it aims to answer is whether OsrHSA is effective in elevating the serum albumin level of cirrhotic patients with hypoalbuminemia.

Researchers will compare OsrHSA to the positive comparator, plasma-derived HSA (pHSA) to see if OsrHSA presents as non-inferior to pHSA in the indication of hypoalbuminemia in hepatic cirrhosis patients.

Participants will be randomized in a 1:1 ratio to receive OsrHSA or HpHSA (20g IV qd) for up to 14 days, following an EOT visit. Follow-up visits will be taken on EOT+7d, EOT+14d, and EOT+30d, respectively. Hypoalbuminemia|Hepatic Cirrhosis",,0
NCT02591979,PASHOS Project: Advanced Platform for Sleep Apnea Syndrome Assessment,https://clinicaltrials.gov/study/NCT02591979,COMPLETED,"The purpose of this study is to develop and validate a work-model in Primary Health Care for identifying patients with Sleep Apnea Syndrome, based on clinical variables and an ambulatory monitoring study.",NO,Sleep Apnea Syndrome,,"Apnea/Hypopnea Index, At primary healthcare, At baseline|Apnea/Hypopnea Index, At Sleep Lab Unit, At 3 months","Cardiovascular risk factors, At baseline|History of cardiovascular or cerebrovascular disease, At baseline|Lung function tests, At baseline|Self-perceived sleepiness. Epworth Test, At primary healthcare, At baseline|Self-perceived sleepiness. Epworth Test, At Sleep lab unit, At 3 months",Fundació Institut de Recerca de l'Hospital de la Santa Creu i Sant Pau,,OBSERVATIONAL,2015-03,2018-10,,"Institut de Recerca de l'Hospital de la Santa Creu i Sant Pau, Barcelona, 08025, Spain","The purpose of this study is to develop and validate a work-model in Primary Health Care for identifying patients with Sleep Apnea Syndrome, based on clinical variables and an ambulatory monitoring study. Sleep Apnea Syndrome",,1
NCT02422979,Study of RM-1929 and Photoimmunotherapy in Patients With Recurrent Head and Neck Cancer,https://clinicaltrials.gov/study/NCT02422979,COMPLETED,"This is a two-part clinical study of patients with recurrent Head and Neck Cancer (HNC), who in the opinion of their physician, cannot be satisfactorily treated with surgery, radiation or platinum chemotherapy. The purpose of the study is to determine the safety and anti-cancer activity of various doses and repeated cycles of the experimental treatment using the study drug RM-1929 and fixed amounts of red light applied at the tumor site to activate the pharmacodynamics of the drug.

The part 1 of the study has been completed and consisted in a single cycle, 3+3 dose escalation safety study of the experimental drug RM-1929 using a fixed amount of 690 nm red light. The part 1 was designed to determine the safety of the treatment as set by the maximal feasible dose or the maximal tolerable dose of RM-1929. From the part 1 results, the maximal feasible dose of RM-1929 was determined.

The part 2 of the study is currently ongoing and it is evaluating the safety and anticancer efficacy of up to four repeated treatments of Photoimmunotherapy with RM-1929 at the maximal feasible dose of RM-1929 activated with a fixed amount of red light.",NO,Recurrent Head and Neck Cancer,COMBINATION_PRODUCT: PIT: 50 J/cm^2 for superficial lesions or 100 J/cm for interstitial lesions and Drug RM-1929: 160 mg/m^2|COMBINATION_PRODUCT: PIT: 50 J/cm^2 for superficial lesions or 100 J/cm for interstitial lesions and Drug RM-1929: 320 mg/m^2|COMBINATION_PRODUCT: PIT: 50 J/cm^2 for superficial lesions or 100 J/cm for interstitial lesions and Drug RM-1929: 640 mg/m^2|COMBINATION_PRODUCT: PIT: 75 J/cm^2 for superficial lesions or 150 J/cm for interstitial lesions and Drug RM-1929: 640mg/m^2|COMBINATION_PRODUCT: PIT: 100 J/cm^2 for superficial lesions or 200 J/cm for interstitial lesions and Drug RM-1929: 640mg/m^2|COMBINATION_PRODUCT: PIT: 50 J/cm^2 for superficial lesions or 100 J/cm for interstitial lesions and Drug RM-1929: 640mg/m^2,"Part I: Maximum Tolerated Dose (MTD) or Maximum Feasible Dose (MFD) of RM-1929, whichever is lowest, Determine the MTD or MFD of RM-1929, 1 month|Part I: Adverse Event profile for each drug dose of RM-1929, Assessment of safety of the combination of drug dose with low energy localized light irradiation, 1 month|Part I: Photosafety (sunburn) Testing, Determination of skin Minimal Erythema Dose (MED) following infusion of RM-1929, 1 month|Part II: Maximum Tolerated Dose (MTD) or Maximum Feasible Dose (MFD) of a fixed drug dose with fixed light dose, Determination of MTD or MFD of fixed drug dose with fixed light dose, 1 month|Part II: Safety with repeat dosing, Safety parameters associated with repeat dosing, 2 years or until death","Part I: Tumor response, Document tumor response using response assessment in solid tumors version 1.1 (RECIST 1.1), including additional assessment of target lesion volumetrics, 2 months|Part 1: Tumor reduction/necrosis, Document tumor reduction/necrosis using Choi criteria, 2 month|Part I: Pharmacokinetics of RM-1929 and for both RM-1929 and unconjugated IRDye 700DX (Cmax, T 1/2, AUC, CL and Vss), 1 month|Part I: Immunogenic response to RM-1929, To assess antibodies to RM-1929 or cetuximab, 2 month|Part II: Tumor Response, Assessed using RECIST 1.1, 2 months|Part II: Tumor Reduction, Evaluation by CT scans, clinical measurement, photographs, biopsies, symptom relief and ECOG performance, 2 months|Part II: Immunogenic response to RM-1929, To assess antibodies to RM-1929 or cetuximab, 2 months","Rakuten Medical, Inc.",,INTERVENTIONAL,2015-06,25-02-2019,,"UCSF Helen Diller Family Comprehensive Cancer Center, San Francisco, California, 94115, United States|Centura Health Research Center, Denver, Colorado, 80210, United States|Rush University Cancer Center, Chicago, Illinois, 60612, United States|Virginia Piper Cancer Institute, part of Allina Health System, Minneapolis, Minnesota, 55407, United States|University of Oklahoma Stephenson Cancer Center, Oklahoma City, Oklahoma, 73104, United States|Thomas Jefferson University, Philadelphia, Pennsylvania, 19107, United States|University of Texas MD Anderson Cancer Center, Houston, Texas, 77030, United States","This is a two-part clinical study of patients with recurrent Head and Neck Cancer (HNC), who in the opinion of their physician, cannot be satisfactorily treated with surgery, radiation or platinum chemotherapy. The purpose of the study is to determine the safety and anti-cancer activity of various doses and repeated cycles of the experimental treatment using the study drug RM-1929 and fixed amounts of red light applied at the tumor site to activate the pharmacodynamics of the drug.

The part 1 of the study has been completed and consisted in a single cycle, 3+3 dose escalation safety study of the experimental drug RM-1929 using a fixed amount of 690 nm red light. The part 1 was designed to determine the safety of the treatment as set by the maximal feasible dose or the maximal tolerable dose of RM-1929. From the part 1 results, the maximal feasible dose of RM-1929 was determined.

The part 2 of the study is currently ongoing and it is evaluating the safety and anticancer efficacy of up to four repeated treatments of Photoimmunotherapy with RM-1929 at the maximal feasible dose of RM-1929 activated with a fixed amount of red light. Recurrent Head and Neck Cancer",,0
NCT00339079,Treatment of Hypochondriasis With CBT and/or SSRI,https://clinicaltrials.gov/study/NCT00339079,COMPLETED,"This study will compare the effectiveness of cognitive behavioral therapy, antidepressant medication, and a combination of the two for treating hypochondriasis.",YES,Hypochondriasis,DRUG: Fluoxetine|BEHAVIORAL: Cognitive Behavioral Therapy (CBT)|OTHER: Supportive Therapy|DRUG: Placebo,"25% Improvement on Both Whiteley Index and H-YBOCS-M, Whitley index is a self-report measure of hypochondriasis H-YBOCS-M is an independent evaluator structured assessment of hypochondriasis, Measured at Week 24","Columbia Heightened Illness Concern - Obsessive-Compulsive Scale, The Columbia Heightened Illness Concern - Obsessive-Compulsive Scale was the name for an earlier version of the H-YBOCS-M. The H-YBOCS-M is an expanded version and has additional items not included in the Columbia Heightened Illness Concern OCS. We did not administer the CHIC-OCS to patients in this study., Not measured",Brigham and Women's Hospital,National Institute of Mental Health (NIMH),INTERVENTIONAL,2006-06,2011-12,03-03-2017,"Brigham and Women's Hospital, Boston, Massachusetts, 02115, United States|Columbia Medical Center, New York Psychiatric Institute, New York City, New York, 10032, United States","This study will compare the effectiveness of cognitive behavioral therapy, antidepressant medication, and a combination of the two for treating hypochondriasis. Hypochondriasis",,1
NCT06351579,Data Collection Post Radical Prostatectomy,https://clinicaltrials.gov/study/NCT06351579,NOT_YET_RECRUITING,"The study is to collect information on patients undergoing radical prostatectomy (RP), with a primary focus on the occurrence, duration, and severity of post-prostatectomy incontinence. Data will be collected at multiple time points, allowing for a dynamic understanding of urinary incontinence patterns at post RP.",NO,Stress Urinary Incontinence|Radical Prostatectomy|BPH,OTHER: Control,"The change in average 24-hour pad weight over time, The 24-hour (at-home) pad weight test - The pads are pre-weighed prior to providing them to subjects. The test should be started with an empty bladder. The subject will wear pads and perform their normal daily activities for 24 hours. The subject will be asked to change the pads approximately once every 6 hours during waking hours, or more frequently as needed. The pads will be stored in an air tight bag or container after removal, stored in a refrigerator, and brought to the site at the required follow-up visit for weighing., Baseline, post-foley, 6 weeks, 3 months, 6 months, and 12 months post-prostatectomy procedure.","Change in pad weight during a 1-hour provocative pad weight test, The 1-hour pad test involves the following:

* Subject puts on a pre-weighed pad and is asked to avoid voiding;
* Subject drinks 500 ml of sodium-free liquid in \<15 minutes, then sits or rests;
* Subjects walks for 30 minutes, including climbing one flight of stairs (up and down)
* Subject performs the following activities: standing up from sitting (10x), coughing vigorously (10x), running on the spot for 1 minute, bending to pick up an object from the floor (5x), and washing hands in running water for 1 minute;
* The total amount of urine leaked is determined by weighing the pad. If voiding is urgent and unavoidable, the test is terminated. Collect voiding volume and repeat the test after re-hydration., Baseline, post-foley, 6 weeks, 3 months, 6 months, and 12 months post-prostatectomy procedure.","Levee Medical, Inc.",RQMplus,OBSERVATIONAL,15-06-2024,15-03-2026,,,"The study is to collect information on patients undergoing radical prostatectomy (RP), with a primary focus on the occurrence, duration, and severity of post-prostatectomy incontinence. Data will be collected at multiple time points, allowing for a dynamic understanding of urinary incontinence patterns at post RP. Stress Urinary Incontinence|Radical Prostatectomy|BPH",,1
NCT04534179,Vacuum Myofascial Therapy Device and Physical Activity for the Treatment of Chronic Non-specific Low Back Pain. A Single Blind Randomized Clinical Trial,https://clinicaltrials.gov/study/NCT04534179,COMPLETED,"The term non-specific low back pain refers to the painful symptoms located in the lumbar region, which is delimited between the lower margin of the ribs and the lower limit of the buttocks",NO,Chronic Nonspecific Low Back Pain,PROCEDURE: Vacuum myofascial therapy and physical activity program.|OTHER: Physical activity program.,"The intensity of pain: 10-point Numerical Pain Rating Scale, A 10-point Numerical Pain Rating Scale (NPRS; 0: no pain, 10: maximum pain) will be used to assess the patients' current level of shoulder pain, and the worst and lowest level of pain experienced in the preceding week in the shoulder area. The minimal clinically important difference (MCID) for the NPRS in patients with shoulder pain was 1.1 points (Mintken, Glynn, and Cleland 2009)., Baseline","The intensity of pain: 10-point Numerical Pain Rating Scale, A 10-point Numerical Pain Rating Scale (NPRS; 0: no pain, 10: maximum pain) will be used to assess the patients' current level of lumbar pain, and the worst and lowest level of pain experienced in the preceding week in the lumbar area., Immediately after the intervention , four and twelve weeks|Active range of motion of the lumbar spine, Measured by a two branches goniometer, Baseline , immediately after treatment, four and twelve weeks|Pressure pain thresholds in trigger points, Pressure pain thresholds (PPTs) will be measured with a pressure algometer (Baseline, Pain TestTM, Wagner Instruments). The clinimetric properties of this instrument have been evaluated previously. The PPT will the point at which pressure elicited pain and will presented as kilograms per square centimeter. All measurements will be conducted by the same well-trained physician., Baseline, immediately rafter treatment, four and twelve weeks|Questionnaire SF 12, The multidimensional health related quality of life, Baseline, immediately after treatment, four and twelve weeks|OSWESTRY LOW BACK PAIN DISABILITY QUESTIONNAIRE, The Oswestry Low Back Pain Disability Scale is a self-administered questionnaire, specific for low back pain, that measures limitations in daily activities., Baseline, immediately after treatment, four and twelve weeks|Roland Morris Disability Questionnaire, Roland Morris is a 24-item self-report questionnaire about how low-back pain affects functional activities, Baseline, immediately after treatment, four and twelve weeks",University of Cadiz,,INTERVENTIONAL,01-09-2020,15-01-2021,,"Policlínica Santa María, Cádiz, 11007, Spain","The term non-specific low back pain refers to the painful symptoms located in the lumbar region, which is delimited between the lower margin of the ribs and the lower limit of the buttocks Chronic Nonspecific Low Back Pain",,1
NCT02575079,Parafilm to Prevent CLABSI in Pediatric Patients Undergoing HCT,https://clinicaltrials.gov/study/NCT02575079,COMPLETED,The purpose of this study is to see if applying parafilm as an external barrier on the central line in children having a bone marrow transplant helps to prevent central line associated bloodstream infection(s) and also to assess the ease of use of parafilm.,YES,Central Line Associated Bloodstream Infections (CLABSI)|Bone Marrow Transplant,DEVICE: Parafilm,"Rate of Central Line Associated Bloodstream Infections (CLABSI), Central line associated bloodstream infections (CLABSI) is the identification of a bacterial infection from a blood culture drawn from a central venous catheter (CVC) in the absence of a primary source of infection from another body site. The CLABSI rate (total number of CLABSI/1000 catheter-days) in parafilm study participants will be calculated and compared to the CLABSI rate in a historical cohort of pediatric patients who are serving as a control group., Baseline (at the time of placement of the CVC or admission for HCT, whichever occurs later) to end of study (CVC removal or transfer back to primary service, whichever occurs sooner, average of 3 months)|Reported Inpatient Percentage of Central-line Days With Correctly Applied Parafilm, In the inpatient setting, compliance was measured by once daily recording of parafilm change by nursing in the electronic medical record. These data were significantly limited by electronic medical record charting on parafilm change being required only once per day. Thus, once daily data collection failed to capture daily parafilm change, given multiple nursing shifts on a single calendar day. Nonetheless, the percentage of catheter-days with intact correctly applied parafilm, as reported by nursing staff, was calculated., At discharge (an expected average of 6 weeks from admission)|Observed Inpatient Percentage of Catheter-days With Correctly Applied Parafilm, Observed compliance occurred during weekly line rounds. Rounding providers indicated whether a patient's parafilm is intact and correctly applied, not applied, or incorrectly applied or not intact. The percentage of ""observed catheter-days"" where patients had correct use of intact parafilm were to be calculated. To track observed inpatient compliance with applying parafilm, data fields were added to the entered to the nursing charts of the participant's electronic medical record (EMR). The primary field added was a no/question about parafilm applied. Per study protocol, the intent was to document nursing changing of the parafilm, at the time it was changed. However, on reviewing the data, it appears that nursing just charted once per day whether they had changed parafilm or not, while the parafilm may have been changed earlier by a different nurse., Time between initial bone marrow transplant (BMT) discharge and either central venous line (CVL) removal or transfer back to primary MD (an expected average of 2-3 months)|Reported Outpatient Percentage of Catheter-days With Correctly Applied Parafilm, For outpatient reported compliance, parents of study participants provided their logs to outpatient staff who documented the number of days parafilm was correctly in use/intact vs not in use or incorrectly in use/not intact. The cumulative percentage of catheter-days where parafilm was intact was calculated., Baseline (at the time of placement of the CVC or admission for HCT, whichever occurs later) to end of study (CVC removal or transfer back to primary service, whichever occurs sooner, average of 3 months)|Observed Outpatient Percentage of Catheter-days With Correctly Applied Parafilm, For observed compliance, the outpatient nurse recorded whether the patient's parafilm was correctly applied/intact (yes), not applied (no), or incorrectly applied/not intact (yes-inc) at the beginning of the visit. The percentage of outpatient ""observed catheter-days"" where parafilm was correctly in use/intact was calculated., Time between initial BMT discharge and either CVL removal or transfer back to primary MD (an expected average of 2-3 months)","Number of Antibiotic Treatment Courses Per Participant, The number of antibiotic treatment courses per participant in the parafilm study will be recorded., Baseline (at the time of placement of the CVC or admission for HCT, whichever occurs later) to end of study (CVC removal or transfer back to primary service, whichever occurs sooner, average of 3 months)|Duration of Antibiotic Treatment Exposure, Total duration of antibiotic treatment exposure (excluding prophylactic antibiotics) among participants in the parafilm study will be reported., Baseline (at the time of placement of the CVC or admission for HCT, whichever occurs later) to end of study (CVC removal or transfer back to primary service, whichever occurs sooner, average of 3 months)|Number of ICU Admissions Secondary to Sepsis, The cumulative number of ICU admissions secondary to sepsis among participants in the parafilm study is reported., Baseline (at the time of placement of the CVC or admission for HCT, whichever occurs later) to end of study (CVC removal or transfer back to primary service, whichever occurs sooner, average of 3 months)|Death, Deaths from infection and death from any cause among participants in the parafilm study are reported., Baseline (at the time of placement of the CVC or admission for HCT, whichever occurs later) to end of study (CVC removal or transfer back to primary service, whichever occurs sooner, average of 3 months)|Perception of Parafilm, The perception of parafilm from provider and caregiver surveys regarding parafilm ease of use, perceived benefit, and other parameters will be reported, Month 3 (average time till removal of CVC)",Emory University,,INTERVENTIONAL,2015-03,29-03-2018,25-06-2019,"Children's Healthcare of Atlanta, Atlanta, Georgia, 30322, United States",The purpose of this study is to see if applying parafilm as an external barrier on the central line in children having a bone marrow transplant helps to prevent central line associated bloodstream infection(s) and also to assess the ease of use of parafilm. Central Line Associated Bloodstream Infections (CLABSI)|Bone Marrow Transplant,,1
NCT00714779,Fluoxetine vs. Brief Psychotherapy for Major Depression,https://clinicaltrials.gov/study/NCT00714779,COMPLETED,"In this study we compare two treatments for major depression - fluoxetine and brief psychodynamic psychotherapy. In addition to more traditional outcome measures, we also measure the densities of 5HT-1A and D-2 receptors before and after the treatment. The main hypothesis is that brief psychotherapy is as effective as fluoxetine.",NO,Major Depressive Disorder,DRUG: Fluoxetine|BEHAVIORAL: Short-term psychodynamic psychotherapy,"HAM-D, 0, 16 weeks, one year",,University of Turku,KELA|Finnish State Grant,INTERVENTIONAL,2000-01,2004-12,,,"In this study we compare two treatments for major depression - fluoxetine and brief psychodynamic psychotherapy. In addition to more traditional outcome measures, we also measure the densities of 5HT-1A and D-2 receptors before and after the treatment. The main hypothesis is that brief psychotherapy is as effective as fluoxetine. Major Depressive Disorder",,1
NCT03499379,Stress Hormones and IUDs,https://clinicaltrials.gov/study/NCT03499379,COMPLETED,Determine what kind of side effects women experience in the first year after they start using an intrauterine device.,NO,Contraception|Mood Change,DEVICE: Mirena|DEVICE: Paraguard,"Mean change in hair cortisol concentration - 6 months, A hair sample of approximately 10 (up to 20) hairs cut close to the scalp 6 months after start of study participation (baseline - IUD insertion) to assess change from baseline to 6 months., Baseline & 6 months post-insertion","Mean change in hair cortisol concentration - 12 months, A hair sample of approximately 10 (up to 20) hairs cut close to the scalp 12 months after start of study participation (baseline - IUD insertion) to assess change from baseline to 12 months., Baseline & 12 months post-insertion",Oregon Health and Science University,Society of Family Planning,OBSERVATIONAL,16-04-2018,31-12-2019,,"Oregon Health & Science University, Portland, Oregon, 97239, United States",Determine what kind of side effects women experience in the first year after they start using an intrauterine device. Contraception|Mood Change,,1
NCT04669379,Is an Online-tool Capable of Improving Patients' Outcomes After Surgery?,https://clinicaltrials.gov/study/NCT04669379,UNKNOWN,"Recovery after the surgery depends on psychological factors such as preoperative information, expectations, and surgery-associated anxiety. Prior studies have shown that even short preoperative psychological interventions can improve postoperative outcomes. However, the content of these interventions needs further examination. This study aims to examine if the developed preoperative intervention (i) reduces preoperative anxiety, (ii) increases positive expectations, and (iii) improves the long-term outcome and postoperative recovery. Therefore an online-tool has been developed. Using an online-approach makes it possible to reach many patients taking as little time and cost as possible.

Patients who undergo surgery in the next two weeks and want to participate in the study will be asked for the planned surgical procedure. There will be a filter (stratum) for surgery. Patients with the same kind of surgery are randomized into two groups (Control vs. intervention group) after they've filled some questionnaires at the baseline assessment. Following this, the intervention group will participate in the psychological online intervention (around 30 minutes). The intervention will focus on the treatment outcome expectations and personal control expectations to increase patients' positive expectations. The control group will receive no psychological intervention. Both groups will fill out questionnaires again in the evening, two days before the surgery, around one week after the surgery, and three months after the surgery.",NO,Patients Undergoing Surgery,BEHAVIORAL: EXPECT: Preoperative optimization of patient's expectations,"Change in Pain Disability Index (PDI) from Baseline to two days pre-surgery to one week post-surgery to three months post-surgery, Items range from 0 (no disability at all) - 10 (total disability). Consequently higher scores mean a worse outcome., Baseline, up to one week post-surgery, up to three months post-surgery","Change in The Amsterdam Preoperative Anxiety and Information Scale (APAIS) from Baseline to two days pre-surgery, Items range from 1 (not at all) - 5 (extremely). Higher scores mean patients are more interested in information and do have greater worries, Baseline, two days pre-surgery|Change in Health Related Quality of Life (Short Form 12, SF-12) from Baseline to one week post-surgery to three months post-surgery, There are different item scales. The item scale of the first item (General health perceptions) ranges from 1 (excellent)to 5 (bad). The item scales of the second and third item (limitations in physical activities because of health problems)range from 1 (yes, absolutely restricted) to 2 (yes, a bit restricted) to 3 (no, not restricted at all). The item scales of the items 4-7 (limitations in usual role activities because of physical health or emotional problems) are just ""yes"" and""no"". The item scale of the eighth item (bodily pain) ranges from 1 (Absolutely not) to 5 (a lot). The item scales of the items 9-12 (general mental health, vitality and limitations in social activities because of physical or emotional problems)range from 1 (always) to 5 (never)., Baseline, up to one week post-surgery, up to three months post-surgery|Change in Patient health questionnaire screener (PHQ) from Baseline to one week post-surgery to three months post-surgery, Items range from 1 (not at all) - 4 (nearly everyday). Consequently higher scores mean a worse outcome., Baseline, two days pre-surgery, up to one week post-surgery, up to three months post-surgery|Change in The Primary Appraisal Secondary Appraisal questionnaire (PASA) from Baseline to two days pre-surgery to one week post-surgery, Items range from 0 (absolutely wrong) - 6 (absolutely right). Higher scores mean a better outcome., Baseline, two days pre-surgery, up to one week post-surgery, up to three months post-surgery|Change in The Control Attitudes Scale-Revised (CAS-R) from Baseline to one week post-surgery, Items range from 0 (not at all) - 8 (absolutely right). Higher scores mean a better outcome (after reversion of the inverse items 5 and 8)., Baseline, up to one week post-surgery",Philipps University Marburg Medical Center,,INTERVENTIONAL,15-06-2021,30-09-2022,,"Department of Clinical Psychology and Psychotherapy, Philipps-University Marburg, Marburg, 35032, Germany","Recovery after the surgery depends on psychological factors such as preoperative information, expectations, and surgery-associated anxiety. Prior studies have shown that even short preoperative psychological interventions can improve postoperative outcomes. However, the content of these interventions needs further examination. This study aims to examine if the developed preoperative intervention (i) reduces preoperative anxiety, (ii) increases positive expectations, and (iii) improves the long-term outcome and postoperative recovery. Therefore an online-tool has been developed. Using an online-approach makes it possible to reach many patients taking as little time and cost as possible.

Patients who undergo surgery in the next two weeks and want to participate in the study will be asked for the planned surgical procedure. There will be a filter (stratum) for surgery. Patients with the same kind of surgery are randomized into two groups (Control vs. intervention group) after they've filled some questionnaires at the baseline assessment. Following this, the intervention group will participate in the psychological online intervention (around 30 minutes). The intervention will focus on the treatment outcome expectations and personal control expectations to increase patients' positive expectations. The control group will receive no psychological intervention. Both groups will fill out questionnaires again in the evening, two days before the surgery, around one week after the surgery, and three months after the surgery. Patients Undergoing Surgery",,0
NCT06233279,Study of Application of Transcutaneous Trigeminal Nerve Stimulation on Autism Spectrum Disorder,https://clinicaltrials.gov/study/NCT06233279,RECRUITING,This study aims to evaluate the safety and the efficacy of applying transcutaneous trigeminal nerve stimulator (NuEyne P01) on autism spectrum disorder.,NO,Autism Spectrum Disorder,"DEVICE: Charge-Balanced, Symmetric Nerve Stimulation|DEVICE: Sham Stimulation","Safety evaluation, Occurrence of adverse events caused by the investigational device, including psychiatric abnormality, skin abnormality at the contact site, headache, sleepiness, trigeminal nerve abnormality, etc. is checked., baseline, 4 weeks","Changes in Level of functioning, This is measured by two questionnaires, WISC-IV and Vineland Adaptation Behavior Scale-II, to confirm cognitive function. It is can be judged by combining the results of each questionnaire test.

This clinical trial, as an exploratory clinical trial, aims at seeing whether there is a statistical difference between before and after the treatment in observation items. If both items are significant, cognitive function is considered significant., baseline, 4 weeks|Changes in Social reciprocity, This is measured in five questionnaires, Aberrant Behavior Checklist-II (ABC-2), Autistic Quotient (AQ), Social Responsiveness Scale-2 (SRS-2), Korean Childhood autism rating scale (K-CARS-2), Social communication questionnaire (SCQ) to confirm sociality. It can be judged by combining the results of each questionnaire test. This clinical trial, as an exploratory clinical trial, aims at seeing whether there is a statistical difference between before and after the treatment in observation items.

This clinical trial, as an exploratory clinical trial, aims at seeing whether there is a statistical difference between before and after the treatment in observation items. If more than three are significant, the Social reciprocity is considered significant. This result is judged to be significant as the result value is lower., [Time Frame: baseline, 2 weeks, 4 weeks]|Changes in Executive function, This is measured in five questionnaires, Children's color trail making test 1 \& 2 (CCTT-1 \& 2), Stroop test(color\&word), Advanced test of attention, Wisconsin card sorting test, Korean - ADHD Rating Scale, to confirm Executive function. It can be judged by combining the results of each questionnaire test.

This clinical trial, as an exploratory clinical trial, aims at seeing whether there is a statistical difference between before and after the treatment in observation items. If more than three are significant, the Executive function is considered significant., baseline, 2 weeks, 4 weeks|Changes in Sleep disturbance, Sleep disturbance is confirmed through the Korean version of the Children's Sleep Habits Questionnaire (K-CSHQ). This clinical trial, as an exploratory clinical trial, aims at seeing whether there is a statistical difference between before and after the treatment in observation items. This result is judged to be significant as the result value is lower., baseline, 2 weeks, 4 weeks|Changes in Anxiety, This is measured in two questionnaires, Korean Child Behavior Checklist (K-CBCL), The Korean version of State and Trait Anxiety Inventory for Children (K-STAIC), to confirm Anxiety. It can be judged by combining the results of each questionnaire test. The higher the score, the higher the Anxiety.

This clinical trial, as an exploratory clinical trial, aims at seeing whether there is a statistical difference between before and after the treatment in observation items. If both items are significant, cognitive function is considered significant., baseline, 2 weeks, 4 weeks|Changes in Sensory over - responsivity, This is measured by Short Sensory Profile -2 (SSP-2) to confirm sensory over-responsivity. The higher the score, the higher the sensory over-responsivity. This clinical trial, as an exploratory clinical trial, aims at seeing whether there is a statistical difference between before and after the treatment in observation items. This result is judged to be significant as the result value is lower., baseline, 2 weeks, 4 weeks|Changes in Clinical Global impression, This is determined through patient interviews. This clinical trial, as an exploratory clinical trial, aims at seeing whether there is a statistical difference between before and after the treatment in observation items. This result is judged to be significant as the result value is lower., baseline, 4 weeks","Nu Eyne Co., Ltd.",,INTERVENTIONAL,15-11-2022,30-08-2024,,"Seoul National University Bundang Hospital, Seongnam-si, 13605, Korea, Republic of",This study aims to evaluate the safety and the efficacy of applying transcutaneous trigeminal nerve stimulator (NuEyne P01) on autism spectrum disorder. Autism Spectrum Disorder,,1
NCT05338879,Real-World Clinical Outcomes in Adult Patients Who Initiate Systemic Treatment for Relapsed or Refractory Follicular Lymphoma,https://clinicaltrials.gov/study/NCT05338879,COMPLETED,"Primary Objective:

To evaluate objective response rate (ORR) in adult patients with relapsed/refractory follicular lymphoma (r/r FL) grade 1-3a who are treated with currently available therapies in the real-world setting according to Lugano classification (Cheson, 2014) of malignant lymphoma and as assessed by independent central review.

Secondary Objectives:

To evaluate the following outcomes in adult patients with r/r FL grade 1-3a who are treated with currently available systemic therapies in the real-world setting:

1. Objective response rate (ORR) according to the Lugano classification and as assessed by treating physician evaluation
2. Complete response (CR) rate according to the Lugano classification and as assessed by:

   * Independent central review, and
   * Treating physician evaluation
3. Progression-free survival (PFS) according to the Lugano classification and as assessed by:

   * Independent central review, and
   * Treating physician evaluation
4. Overall survival (OS)
5. Duration of response (DOR) according to the Lugano classification and as assessed by:

   * Independent central review, and
   * Treating physician evaluation
6. Disease control rate (DCR) according to the Lugano classification and as assessed by:

   * Independent central review, and
   * Treating physician evaluation
7. Time to next treatment (TTNT)
8. Histological transformation (HT)",NO,Relapsed/Refractory Follicular Lymphoma,OTHER: Non-Interventional,"Objective response rate, The proportion of best overall response of complete response (CR) or partial response (PR)., Up to 84 months","Complete Response (CR) rate, The proportion of patients with a CR after initiation of the selected line of therapy (LoT)., Up to 84 months|Progression Free Survival (PFS), The time from the start date of the selected LoT until the first date of progressive disease (PD) or death due to any cause, whichever occurs first., Up to 84 months|Overall Survival (OS), The time from the start date of the selected LoT until death due to any cause., Up to 84 months|Duration of Response (DOR), The time from the date of the first documented CR or PR until the first date of PD or death due to any cause, whichever occurs first., Up to 84 months|Disease Control Rate (DCR), The proportion of patients who achieve a best overall response of CR, PR, or stable disease (SD)., Up to 84 months|Time to Next Treatment (TTNT), The time from the start date of the selected LoT to the start of a new antineoplastic treatment line., Up to 84 months|Histological transformation (HT), The proportion of patients with evidence of HT \[ie, evolution to a clinically aggressive non-Hodgkin lymphoma such as Diffuse large B-cell lymphoma (DLBCL)\]., Up to 84 months",Regeneron Pharmaceuticals,,OBSERVATIONAL,22-06-2022,05-10-2023,,"Regeneron Research Facility, Graz, 38 8036, Austria|Regeneron Research Facility, Caen, 14033, France|Regeneron Research Facility, Paris, 75010, France|Regeneron Research Facility, Pierre-Benite, 69310, France|Regeneron Research Facility, Essen, 45147, Germany|Regeneron Research Facility, Frankfurt, 60590, Germany|Regeneron Research Facility, London, EC1A 7BE, United Kingdom|Regeneron Research Facility, Manchester, M20 4BX, United Kingdom|Regeneron Research Facility, Nottingham, NG5 1PB, United Kingdom","Primary Objective:

To evaluate objective response rate (ORR) in adult patients with relapsed/refractory follicular lymphoma (r/r FL) grade 1-3a who are treated with currently available therapies in the real-world setting according to Lugano classification (Cheson, 2014) of malignant lymphoma and as assessed by independent central review.

Secondary Objectives:

To evaluate the following outcomes in adult patients with r/r FL grade 1-3a who are treated with currently available systemic therapies in the real-world setting:

1. Objective response rate (ORR) according to the Lugano classification and as assessed by treating physician evaluation
2. Complete response (CR) rate according to the Lugano classification and as assessed by:

   * Independent central review, and
   * Treating physician evaluation
3. Progression-free survival (PFS) according to the Lugano classification and as assessed by:

   * Independent central review, and
   * Treating physician evaluation
4. Overall survival (OS)
5. Duration of response (DOR) according to the Lugano classification and as assessed by:

   * Independent central review, and
   * Treating physician evaluation
6. Disease control rate (DCR) according to the Lugano classification and as assessed by:

   * Independent central review, and
   * Treating physician evaluation
7. Time to next treatment (TTNT)
8. Histological transformation (HT) Relapsed/Refractory Follicular Lymphoma",,0
NCT05566379,Mindfulness in Post Acute Sequelae of SARS-CoV-2 Infection (PASC) Dysautonomia,https://clinicaltrials.gov/study/NCT05566379,COMPLETED,"The current pilot study will recruit participants experiencing new, returning, or ongoing symptoms related to COVID-19 illness for at least four weeks after being first infected with SARS-CoV-2. All participants will attend a virtual 6-week course entitled Mindful Awareness Practices (MAPs) created, hosted and led by expert facilitators from the Mindful Awareness Research Center (MARC) at University of California Los Angeles (UCLA). This intervention will consist of a mix of lecture, practice, group feedback, and discussion regarding mindfulness. Mindfulness is the mental state achieved by focusing one's awareness on the present while acknowledging and accepting any feelings, thoughts, or bodily sensations. The research team will collect self-reported measures of mental health symptoms, physical health symptoms, and demographic information before and after participants attend MAPs. Objective health measures will also be collected by the research team including an active stand test, a 6-minute walk, and a blood sample.",NO,Long COVID|Dysautonomia,OTHER: Mindfulness - Mindful Awareness Practices ( MAPs),"Change from baseline in the composite autonomic symptom score COMPASS-31 for autonomic symptoms, COMPASS-31 (the composite autonomic symptom) score is a self-rating questionnaire evaluating six domains of autonomic function: orthostatic intolerance, vasomotor, secretomotor, gastrointestinal, bladder, and pupillomotor domains. The six domain scores sum to a total score of 0 to 100, and a higher score indicates more severe autonomic symptoms. It is based on the original Autonomic Symptom Profile (ASP) and COMPASS, is internally consistent and applies a much-simplified scoring algorithm suitable for widespread use in autonomic research and practice., Baseline / Pre Intervention(1-2 weeks prior to intervention), Post Intervention ( 1-2 weeks post intervention completion)|Change from baseline in Active Stand Test of hemodynamic symptom parameters, exercise tolerance., Active Stand Test. Clinically, an active stand test can be used to assess short-term neural and cardiovascular function and identify the hemodynamic correlates of patient symptoms and attributable causes of (pre-)syncope, and to detect autonomic dysfunction, variants of orthostatic hypotension, postural orthostatic tachycardia syndrome and orthostatic hypertension. During a standardized active stand test procedure, heart rate and blood pressure are measured after resting lying down, then immediately upon standing and after 2, 5 and 10 minutes., Baseline / Pre Intervention(1-2 weeks prior to intervention), Post Intervention ( 1-2 weeks post intervention completion)|Change from baseline of Six Minute Walk in hemodynamic parameters, exercise tolerance, Six Minute Walk. The six-minute walk (6MWT) was developed in 1963 by Balke to evaluate functional capacity and endurance during physical activity. The standardized six-minute walk test (6MWT) measures the maximum distance an individual is able to walk over a total of six minutes. The individual is allowed to self-pace and rest as needed as they traverse back and forth along a flat marked walkway. Baseline heart rate and oxygen saturation are measured then continuously monitored to identify the lowest oxygen saturation, which may occur before the end of the test. The patient's baseline and post-test perceived dyspnea and fatigue are rated using the Borg scale 0-10 (0 none- 10 maximum)., Baseline / Pre Intervention(1-2 weeks prior to intervention), Post Intervention ( 1-2 weeks post intervention completion)|Change from baseline in mean score in Health-Related Quality of Life (QOL) SF-20, Self-reported QOL SF-20. A 20-item questionnaire. The survey measures health across 6 domains: physical functioning (6 questions), role functioning (2 questions), social functioning (1 question), mental health (5 questions), health perceptions (5 questions), and pain (1 question).

Scores across each of these domains are reported on a 0% to 100% scale, with 0% representing the worst possible score in that domain and 100% the best possible score. Raw scores are transformed to fit the 0% to 100% interval as described in the original publication (note that for question #1 on general health, an initial transformation is performed as follows: 1 = 5, 2 = 4.36, 3 = 3.43, 4 = 1.99, 5 = 1). Reversal of scoring is completed as necessary such that the highest score always represents the best possible score. The exception to this scoring pattern is the pain score, for which 0% represents the best possible score and 100% the worst possible score., Baseline / Pre Intervention(1-2 weeks prior to intervention), Post Intervention (1-2 weeks post intervention completion); 4 weeks post intervention","Change from baseline in mean scores of PSS- Perceived Stress Scale., Perceived Stress Scale (PSS) appraises thoughts and feelings in perception of stress. It is a 10-item scale (score 0-40) with upper scores signifying increased perceived stress. While the aim is to capture stress level, the PSS is used to obtain a patients' perceptions of their own stress., Baseline / Pre Intervention(1-2 weeks prior to intervention), Post Intervention (1-2 weeks post intervention completion); 4 weeks post intervention|Change from baseline in mean scores of GAD7- Generalized Anxiety Disorder, Generalized Anxiety Disorder (GAD7) It is a 7-item scale (score 0-21), with acuity distinguished as mild (5-9), moderate (10-14) or severe (15-21) distress (Spitzer et al. 2006). The higher score indicates greater anxiety., Baseline / Pre Intervention(1-2 weeks prior to intervention), Post Intervention (1-2 weeks post intervention completion); 4 weeks post intervention|Change from baseline in mean scores of PHQ-8 - Depressive Symptoms, Depression (PHQ8) adapted from the PHQ-9, is established as a valid diagnostic and severity measure for depressive disorders in large clinical studies. A PHQ-8 score of 0 to 4 indicates no depression, of 5 to 9 indicates mild depression, of 10 to 14 indicates moderate depression, of 15 to 19 indicates moderately severe depression, and of 20 or higher indicates severe depression., Baseline / Pre Intervention(1-2 weeks prior to intervention), Post Intervention (1-2 weeks post intervention completion); 4 weeks post intervention|Change from baseline in mean scores of IES-R - event-related distress scale, Impact of Event Scale -Revised (IES-R). is a 22-item self-report measure that assesses subjective distress caused by traumatic events. The IES-R contains seven additional items related to the hyperarousal symptoms of PTSD, which were not included in the original IES. Items correspond directly to 14 of the 17 The Diagnostic and Statistical Manual of Mental Disorders (DSM-IV) symptoms of PTSD. Respondents are asked to identify a specific stressful life event and then indicate how much they were distressed or bothered during the past seven days by each ""difficulty"" listed. Items are rated on a 5-point scale ranging from 0 (""not at all"") to 4 (""extremely""). The IES-R yields a total score (ranging from 0 to 88) and subscale scores can also be calculated for the Intrusion, Avoidance, and Hyperarousal subscales., Baseline / Pre Intervention(1-2 weeks prior to intervention), Post Intervention (1-2 weeks post intervention completion); 4 weeks post intervention|Change from baseline in mean scores of FSI - The Fatigue Symptom Inventory., The Fatigue Symptom Inventory (FSI) is a 14-item self-report measure designed to assess the severity, frequency, and daily pattern of fatigue as well as its perceived interference with quality of life in the past week. Severity is measured on point scales (0=not at all fatigued; 10=as fatigued as I could be) that assess most, least, and average fatigue in the past week as well as current fatigue. Frequency is measured by the number of days (0-7) that respondents felt fatigued and the extent of each day they felt fatigued (0=none of the day; 10=the entire day). Perceived interference is measured on point scales (0=no interference; 10=extreme interference) that assess the degree to which fatigue was felt to interfere with with general level of activity, enjoyment, and mood., Baseline / Pre Intervention(1-2 weeks prior to intervention), Post Intervention (1-2 weeks post intervention completion); 4 weeks post intervention|Change from baseline in mean scores of the ISI - The Insomnia Severity Index, The Insomnia Severity Index (ISI) is a seven-item self-report questionnaire, which asks respondents to rate the nature and symptoms of their sleep problems. Dimensions evaluated are severity of sleep onset, sleep maintenance, and early morning awakening problems, sleep dissatisfaction, interference of sleep difficulties with daytime functioning, noticeability of sleep problems by others, and distress caused by the sleep difficulties. A 5-point Likert scale is used to rate each item (e.g., 0 = no problem; 4 = very severe problem), yielding a total score ranging from 0 to 28. The total score is interpreted as follows: absence of insomnia (0-7); sub-threshold insomnia (8-14); moderate insomnia (15-21); and severe insomnia (22-28)., Baseline / Pre Intervention(1-2 weeks prior to intervention), Post Intervention (1-2 weeks post intervention completion); 4 weeks post intervention|Change from baseline in mean scores of well-being from MHC-SF-The Mental Health Continuum Short Form, The Mental Health Continuum Short Form (MHC-SF) is a 14- item scale containing 3 items for emotional (hedonic) well-being, 5 items for social well-being, and 6 items for psychological well-being (eudaimonic). Each of the items can be scored between 0 and 5, with the total score on the scale can range from 0 to 70 points. Higher scores indicate a higher level of emotional wellbeing. This scale also provides a flourishing and languishing mental health indicator based on these three subscales., Baseline / Pre Intervention(1-2 weeks prior to intervention), Post Intervention (1-2 weeks post intervention completion); 4 weeks post intervention|Change from baseline in mean scores of CD-RISC 10 - Connor Davidson Resilience Scale., Connor Davidson Resilience Scale (CD-RISC 10) is a 10-item scale (score 0-40) that measures components of adaptation, coping and recovery in response to stressful events, trauma, or tragedy. The higher scores reflect greater resilience., Baseline / Pre Intervention(1-2 weeks prior to intervention), Post Intervention (1-2 weeks post intervention completion); 4 weeks post intervention","University of California, Los Angeles",,INTERVENTIONAL,28-02-2023,29-07-2023,,"UCLA Health, Los Angeles, California, 90095, United States","The current pilot study will recruit participants experiencing new, returning, or ongoing symptoms related to COVID-19 illness for at least four weeks after being first infected with SARS-CoV-2. All participants will attend a virtual 6-week course entitled Mindful Awareness Practices (MAPs) created, hosted and led by expert facilitators from the Mindful Awareness Research Center (MARC) at University of California Los Angeles (UCLA). This intervention will consist of a mix of lecture, practice, group feedback, and discussion regarding mindfulness. Mindfulness is the mental state achieved by focusing one's awareness on the present while acknowledging and accepting any feelings, thoughts, or bodily sensations. The research team will collect self-reported measures of mental health symptoms, physical health symptoms, and demographic information before and after participants attend MAPs. Objective health measures will also be collected by the research team including an active stand test, a 6-minute walk, and a blood sample. Long COVID|Dysautonomia",,0
NCT05505279,Ventilatory Effects of THRIVE During EBUS,https://clinicaltrials.gov/study/NCT05505279,RECRUITING,"High flow nasal cannula (HFNC) is used in interventional procedures to prevent hypoxia during sedation. In patients with a patent airway, HFNC reduces dead space ventilation as well. It is unknown if dead space ventilation is also reduced by HFNC in an EndoBroncheal UltraSound procedure, in which the airway is partially blocked by the endoscope. Especially in patients with Chronic Obstructive Pulmonary Disease (COPD) the partial blocking of the airway may reduce ventilation. If HFNC is able to reduce dead space during an EBUS-procedure, it may facilitate CO2 clearance, which may lead to a reduction in work of breathing.

This study aims to investigate if HFNC reduces dead space ventilation in patients undergoing an EBUS-procedure and if this is flow-dependent.

A randomized, double-blinded, cross-over study is designed.",NO,Hypercapnia|Sedation Complication|High Flow Nasal Cannula,DEVICE: THRIVE (High Flow Nasal Cannula),"Inspiratory CO2 at 10 minutes (baseline), Inspiratory CO2, measured at the carinal level, at t=10 minutes|Inspiratory CO2 at 25 minutes, Inspiratory CO2, measured at the carinal level, at=25 minutes|Inspiratory CO2 at 45 minutes, Inspiratory CO2, measured at the carinal level, at t=45 minutes|expiratory CO2 at 10 minutes (baseline), Expiratory CO2, measured at the carinal level, at t=10 minutes|expiratory CO2 at 25 minutes, Expiratory CO2, measured at the carinal level, at t=25 minutes|expiratory CO2 at 45 minutes, Expiratory CO2, measured at the carinal level, t=45 minutes|Slope of capnography at 10 minutes (baseline), Angle of the D-E segment (inspiratory slope), At t=10 minutes|Slope of capnography at 25 minutes, Angle of the D-E segment (inspiratory slope), At t=25 minutes|Slope of capnography at 45 minutes, Angle of the D-E segment (inspiratory slope), At t=45 minutes","Respiratory rate, Respiratory rate, measured by capnography, At t=10 minutes|Respiratory rate, Respiratory rate, measured by capnography, At t=25 minutes|Respiratory rate, Respiratory rate, measured by capnography, At t=45 minutes|The level of HFNC dead space washout, Levels of inspiratory and expiratory CO2 measured at the level of the left main bronchus, level of carina and the subglottic level., At t=10 minutes|The level of HFNC dead space washout, Levels of inspiratory and expiratory CO2 measured at the level of the left main bronchus, level of carina and the subglottic level., At t=25 minutes|The level of HFNC dead space washout, Levels of inspiratory and expiratory CO2 measured at the level of the left main bronchus, level of carina and the subglottic level., At t=45 minutes",Rijnstate Hospital,Fisher and Paykel Healthcare,INTERVENTIONAL,05-10-2022,2024-04,,"Rijnstate Hospital, Arnhem, 6815 AD, Netherlands","High flow nasal cannula (HFNC) is used in interventional procedures to prevent hypoxia during sedation. In patients with a patent airway, HFNC reduces dead space ventilation as well. It is unknown if dead space ventilation is also reduced by HFNC in an EndoBroncheal UltraSound procedure, in which the airway is partially blocked by the endoscope. Especially in patients with Chronic Obstructive Pulmonary Disease (COPD) the partial blocking of the airway may reduce ventilation. If HFNC is able to reduce dead space during an EBUS-procedure, it may facilitate CO2 clearance, which may lead to a reduction in work of breathing.

This study aims to investigate if HFNC reduces dead space ventilation in patients undergoing an EBUS-procedure and if this is flow-dependent.

A randomized, double-blinded, cross-over study is designed. Hypercapnia|Sedation Complication|High Flow Nasal Cannula",,0
NCT02820779,New Covered Stent (Willis) for the Endovascular Reconstruction of Intracranial Vessel Wall Defects Registry,https://clinicaltrials.gov/study/NCT02820779,UNKNOWN,"The purpose of this study is to evaluate the effectiveness, long-term safety and explore the safety and efficacy factors WILLIS™ intracranial stent graft system in clinical applications.",NO,"Aneurysm, Intracranial|Carotid-Cavernous Sinus Fistula",DEVICE: WILLIS,"1-year treatment success rate, Treatment success is defined as target lesion such as aneurysms, cavernous fistula shows no shadow and target vessel stenosis of no more than 50%., 12 months","Technically success rate of surgery, Technically success is defined as stent reach the target lesion and successfully released., immediately after surgery|Target lesion treatment success rate, Immediately after surgery|X-ray exposure time, 24 hours|Operative time, through surgery completion|Surgery-related complications or death, 12 months|Various causes of death, the perioperative period to 12 months|Recurrence of target lesion, 12 months|Target lesion was treated by interventional or surgical therapy once again, 12 months|Postoperative ipsilateral symptomatic stroke, Ipsilateral symptomatic stroke is defined as the target lesion is conformed occurs ipsilateral stroke and the increase of NIHSS score point ≥4., 30 days; 6 months; 12 months|Occurs intracranial hemorrhagic stroke that caused by aneurysm rupture, 12 months|Occurs intracranial ischemic stroke that caused by thrombus, 12 months|All adverse events, 12 months|Device-related serious adverse events, 12 months|Target lesion appears stenosis 12 months after surgery, Stenosis is defined as target stenosis ≥50%, 12 months|Modified Rankin Scale, 30 days; 6 months; 12 months|NIHSS, 30 days; 6 months; 12 months","Xuanwu Hospital, Beijing","First Affiliated Hospital of Harbin Medical University|The Second Affiliated Hospital of Harbin Medical University|Qilu Hospital of Shandong University|Shanghai Tongji Hospital, Tongji University School of Medicine|Nanfang Hospital, Southern Medical University|Tang-Du Hospital|West China Hospital|The First Affiliated Hospital of Zhengzhou University|Shaanxi Provincial People's Hospital|Shandong Provincial Hospital|First Affiliated Hospital of Xinjiang Medical University",INTERVENTIONAL,2016-06,2019-05,,"Nanfang hospital, Southern Medical university, Guangzhou, Guangdong, 510515, China|The 2nd Affiliated Hospital of Harbin Medical university, Harbin, Heilongjiang, 150001, China|The First Affiliated Hospital of Harbin Medical university, Harbin, Heilongjiang, 150001, China|First Affiliated Hospital of Zhengzhou University, Zhengzhou, Henan, 450052, China|Qilu Hospital Of Shang Dong University, Jinan, Shandong, 250012, China|Shandong Provincial Hospital, Jinan, Shandong, 250021, China|ShanXi Provincial People's Hospital, Taiyuan, Shanxi, 030012, China|Tangdu Hospital Fourth Military Medical University, Xi'an, Shanxi, 710038, China|West China Hospital Sichuan University, Chengdu, Sichuan, 610041, China|The First Affiliated Hospital Of Xinjiang Medical University, Urumqi, Xinjiang, 830054, China|Tongji Hospital, Shanghai, 200333, China","The purpose of this study is to evaluate the effectiveness, long-term safety and explore the safety and efficacy factors WILLIS™ intracranial stent graft system in clinical applications. Aneurysm, Intracranial|Carotid-Cavernous Sinus Fistula",,1
NCT01433679,The Effect of a Web-Based Behavioral Intervention on Physical Activity Levels in Adolescents,https://clinicaltrials.gov/study/NCT01433679,COMPLETED,"The primary purpose of this study is to test whether rewarding physical activity with a motivational website will increase physical activity levels in middle school-aged children over six months. As a secondary outcome, the study also tests the intervention's impact on biological measures of inflammation and metabolic function in a sub-set of study participants who agree to provide blood samples.",NO,Health Behavior|Adolescent Behavior|Motivation,BEHAVIORAL: Zamzee Intervention,"Physical activity, The amount and intensity of physical activity is recorded continuously every study day that participants wear their accelerometer for the duration of the six month study. The primary outcome reported will be rates of ""moderate to vigorous physical activity"" as defined by the CDC., Six months","Metabolic and inflammatory biomarkers, In the subset of study participants who agree to provide blood samples, blood samples collected at study baseline and at the six month study completion will be assayed for measures of inflammation (e.g., C-reactive protein) and metabolic function (e.g.,hemoglobin-A1C)., Six months",HopeLab Foundation,West Virginia University,INTERVENTIONAL,2011-09,2012-07,,"Los Osos Middle School, Los Osos, California, 93402, United States|Berkley Maynard Academy, Oakland, California, 94605, United States|E.C. Reems Academy, Oakland, California, 94605, United States|Judkins Middle School, Pismo Beach, California, 93449, United States|Vista Academy of Visual and Performing Arts, Vista, California, 92083, United States|West Virginia University, Morgantown, West Virginia, 26506-6845, United States","The primary purpose of this study is to test whether rewarding physical activity with a motivational website will increase physical activity levels in middle school-aged children over six months. As a secondary outcome, the study also tests the intervention's impact on biological measures of inflammation and metabolic function in a sub-set of study participants who agree to provide blood samples. Health Behavior|Adolescent Behavior|Motivation",,1
NCT03785379,A Trial Evaluating the Effects of a One-year Lifestyle Intervention in Obese Patients With Type 2 Diabetes,https://clinicaltrials.gov/study/NCT03785379,COMPLETED,"Diabetic patients with uncontrolled disease are often characterized by increased energy expenditure and could thus present a high resting metabolic rate (RMR). Lifestyle interventions aimed at improving glucose control in these patients may lead to reductions of futile pathways, resulting in lower rates of energy expenditure, and paradoxically to making it more difficult to lose weight. However, only few studies investigated how exercise could influence patients' RMR and results are still not unanimous. In this study, we aim to investigate the effects on metabolic health of a combined dietary intervention and 12-week exercise training in obese adults with type 2 diabetes.",NO,Type 2 Diabetes Mellitus,BEHAVIORAL: Caloric restriction|BEHAVIORAL: Exercise training,"Change from baseline Glycated Hemoglobin (HbA1c) at 6 months, Venous blood samples will be collected at morning between 7-9 a.m. for the analysis of Glycated Hemoglobin, performed following standard quality-control procedures., 6 months","Change from baseline Resting Metabolic Rate at 3 months, Resting Metabolic Rate will be measured using an open-circuit indirect calorimeter (Sensor Medics VO2max -229 Metabolic System, CA) under standardized procedures, 3 months|Change from baseline Resting Metabolic Rate at 6 months, Resting Metabolic Rate will be measured using an open-circuit indirect calorimeter (Sensor Medics VO2max -229 Metabolic System, CA) under standardized procedures, 6 months|Change from baseline Resting Metabolic Rate at 12 months, Resting Metabolic Rate will be measured using an open-circuit indirect calorimeter (Sensor Medics VO2max -229 Metabolic System, CA) under standardized procedures, 12 months|Change from baseline Body mass index at 3 months, Body weight will be measured to the nearest 0.1 kg and height to the nearest 1 cm using a standard balance and stadiometer (Seca, Germany), with subjects wearing light clothing and no shoes. Body mass index will be computed from the ratio between weight (kg) and height (m) squared., 3 months|Change from baseline Body mass index at 6 months, Body weight will be measured to the nearest 0.1 kg and height to the nearest 1 cm using a standard balance and stadiometer (Seca, Germany), with subjects wearing light clothing and no shoes. Body mass index will be computed from the ratio between weight (kg) and height (m) squared., 6 months|Change from baseline Body mass index at 12 months, Body weight will be measured to the nearest 0.1 kg and height to the nearest 1 cm using a standard balance and stadiometer (Seca, Germany), with subjects wearing light clothing and no shoes. Body mass index will be computed from the ratio between weight (kg) and height (m) squared., 12 months|Change from baseline Fat-free mass at 3 months, Fat-free mass will be estimated by Dual Energy X-ray Absorptiometry, with fan-beam technology (Hologic QDR 4500 W, Inc.)., 3 months|Change from baseline Fat-free mass at 6 months, Fat-free mass will be estimated by Dual Energy X-ray Absorptiometry, with fan-beam technology (Hologic QDR 4500 W, Inc.)., 6 months|Change from baseline Fat-free mass at 12 months, Fat mass will be estimated by Dual Energy X-ray Absorptiometry, with fan-beam technology (Hologic QDR 4500 W, Inc.)., 12 months|Change from baseline android to gynoid percent fat ratio at 3 months, Android to gynoid percent fat ratio will be estimated by Dual Energy X-ray Absorptiometry, with fan-beam technology (Hologic QDR 4500 W, Inc.)., 3 months|Change from baseline android to gynoid percent fat ratio at 6 months, Android to gynoid percent fat ratio will be estimated by Dual Energy X-ray Absorptiometry, with fan-beam technology (Hologic QDR 4500 W, Inc.)., 6 months|Change from baseline android to gynoid percent fat ratio at 12 months, Android to gynoid percent fat ratio will be estimated by Dual Energy X-ray Absorptiometry, with fan-beam technology (Hologic QDR 4500 W, Inc.)., 12 months|Change from baseline fasting plasma glucose at 3 months, Venous blood samples will be collected in the morning between 7-9 a.m. after 12 hours of fasting and plasma glucose will be assessed following standard quality-control procedures., 3 months|Change from baseline fasting plasma glucose at 6 months, Venous blood samples will be collected in the morning between 7-9 a.m. after 12 hours of fasting and plasma glucose will be assessed following standard quality-control procedures., 6 months|Change from baseline fasting plasma glucose at 12 months, Venous blood samples will be collected in the morning between 7-9 a.m. after 12 hours of fasting and plasma glucose will be assessed following standard quality-control procedures., 12 months|Change from baseline HDL cholesterol at 3 months, Venous blood samples will be collected in the morning between 7-9 a.m. after 12 hours of fasting and HDL cholesterol will be assessed following standard quality-control procedures., 3 months|Change from baseline HDL cholesterol at 6 months, Venous blood samples will be collected in the morning between 7-9 a.m. after 12 hours of fasting and HDL cholesterol will be assessed following standard quality-control procedures., 6 months|Change from baseline HDL cholesterol at 12 months, Venous blood samples will be collected in the morning between 7-9 a.m. after 12 hours of fasting and HDL cholesterol will be assessed following standard quality-control procedures., 12 months|Change from baseline total cholesterol at 3 months, Venous blood samples will be collected in the morning between 7-9 a.m. after 12 hours of fasting and total cholesterol levels will be assessed following standard quality-control procedures., 3 months|Change from baseline total cholesterol at 6 months, Venous blood samples will be collected in the morning between 7-9 a.m. after 12 hours of fasting and total cholesterol levels will be assessed following standard quality-control procedures., 6 months|Change from baseline total cholesterol at 12 months, Venous blood samples will be collected in the morning between 7-9 a.m. after 12 hours of fasting and total cholesterol levels will be assessed following standard quality-control procedures., 12 months|Change from baseline triglycerides levels at 3 months, Venous blood samples will be collected in the morning between 7-9 a.m. after 12 hours of fasting and plasma triglycerides levels will be assessed following standard quality-control procedures., 3 months|Change from baseline triglycerides levels at 6 months, Venous blood samples will be collected in the morning between 7-9 a.m. after 12 hours of fasting and plasma triglycerides levels will be assessed following standard quality-control procedures., 6 months|Change from baseline triglycerides levels at 12 months, Venous blood samples will be collected in the morning between 7-9 a.m. after 12 hours of fasting and plasma triglycerides levels will be assessed following standard quality-control procedures., 12 months|Change from baseline serum creatinine at 3 months, Serum creatinine will be assessed from venous blood samples following standard quality-control procedures., 3 months|Change from baseline serum creatinine at 6 months, Serum creatinine will be assessed from venous blood samples following standard quality-control procedures., 6 months|Change from baseline serum creatinine at 12 months, Serum creatinine will be assessed from venous blood samples following standard quality-control procedures., 12 months|Change from baseline urinary albumin-to-creatinine ratio at 3 months, Urine samples will be collected for the assessment of urinary albumin-to-creatinine ratio (ACR) following standard quality-control procedures., 3 months|Change from baseline urinary albumin-to-creatinine ratio at 6 months, Urine samples will be collected for the assessment of urinary albumin-to-creatinine ratio (ACR) following standard quality-control procedures., 6 months|Change from baseline urinary albumin-to-creatinine ratio at 12 months, Urine samples will be collected for the assessment of urinary albumin-to-creatinine ratio (ACR) following standard quality-control procedures., 12 months|Change from baseline maximal aerobic power at 3 months, VO2max will be measured by the Sensor Medics VO2max -229 Metabolic System using a continuous incremental treadmill protocol (Runner MTC Climb, Italy) according to the modified Naughton protocol., 3 months|Change from baseline maximal aerobic power at 6 months, VO2max will be measured by the Sensor Medics VO2max -229 Metabolic System using a continuous incremental treadmill protocol (Runner MTC Climb, Italy) according to the modified Naughton protocol., 6 months|Change from baseline maximal aerobic power at 12 months, VO2max will be measured by the Sensor Medics VO2max -229 Metabolic System using a continuous incremental treadmill protocol (Runner MTC Climb, Italy) according to the modified Naughton protocol., 12 months|Change from baseline Glycated Hemoglobin (HbA1c) at 3 months, Venous blood samples will be collected at morning between 7-9 a.m. for the analysis of Glycated Hemoglobin, performed following standard quality-control procedures., 3 months|Change from baseline Glycated Hemoglobin (HbA1c) at 12 months, Venous blood samples will be collected at morning between 7-9 a.m. for the analysis of Glycated Hemoglobin, performed following standard quality-control procedures., 12 months",University of Padova,,INTERVENTIONAL,2013-02,2015-10,,,"Diabetic patients with uncontrolled disease are often characterized by increased energy expenditure and could thus present a high resting metabolic rate (RMR). Lifestyle interventions aimed at improving glucose control in these patients may lead to reductions of futile pathways, resulting in lower rates of energy expenditure, and paradoxically to making it more difficult to lose weight. However, only few studies investigated how exercise could influence patients' RMR and results are still not unanimous. In this study, we aim to investigate the effects on metabolic health of a combined dietary intervention and 12-week exercise training in obese adults with type 2 diabetes. Type 2 Diabetes Mellitus",,0
NCT02573779,Growth and Microbiome Development in Very Low Birth Weight Infants Fed Primarily Mother's Own Milk vs. Donor Human Milk,https://clinicaltrials.gov/study/NCT02573779,COMPLETED,"A study to compare growth, development of the intestinal bacterial environment, and other short term outcomes in groups of babies fed primarily their own mother's milk compared to those who receive primarily donor human milk. The investigators hypothesize that infants who receive primarily their own mother's milk will have better growth, a more diverse intestinal bacterial environment, and possibly some improved short term outcomes such as better feeding tolerance and lower rates of infection.",YES,"Infant, Very Low Birth Weight",OTHER: Observational - no intervention,"Intestinal Microbiome Diversity, Stool samples during the first 6 weeks of life will be analyzed to compare development of microbial diversity, 6 weeks|Hospital Length of Stay, Hospital length of stay will be calculated from birth to discharge of infant., Birth to discharge|Weight Gain, Weight gain will be evaluated weekly throughout the study (defined as g/kg/day), 6-10 weeks|Linear Growth, Linear growth will be measured weekly (defined as cm/week), 6-10 weeks|Head Circumference Growth, Growth in head circumference will be measured weekly (defined as cm/wk), 6-10 weeks","Days to Final Enteral Feed Volume, Number of days for infant to reach full enteral feeds., 6-10 weeks|Rates of Necrotizing Enterocolitis (NEC), the number of patients with a diagnosis of NEC (Stage ≥ IIA) will be collected, 6-10 weeks|Rates of Spontaneous Intestinal Perforation (SIP), the number of patients who develop a spontaneous intestinal perforation will be collected, 6-10 weeks|Rates of Late-onset Sepsis, the number of patients with late-onset sepsis will be collected, 6-10 weeks",Baylor College of Medicine,,OBSERVATIONAL,10-07-2015,25-10-2018,29-04-2020,"Baylor College of Medicine / Texas Children's Hospital, Houston, Texas, 77030, United States|Texas Children's Hospital, Houston, Texas, 77030, United States","A study to compare growth, development of the intestinal bacterial environment, and other short term outcomes in groups of babies fed primarily their own mother's milk compared to those who receive primarily donor human milk. The investigators hypothesize that infants who receive primarily their own mother's milk will have better growth, a more diverse intestinal bacterial environment, and possibly some improved short term outcomes such as better feeding tolerance and lower rates of infection. Infant, Very Low Birth Weight",,1
NCT05433779,Evaluation of Intravascular Monitoring of Partial PRessure of Oxygen for Neonatal intensiVE Care Patients -2,https://clinicaltrials.gov/study/NCT05433779,TERMINATED,"The study is a non-blinded trial with one single intervention in sick newborn infants. The Neosense umbilical catheter will be used instead of the routinely used umbilical catheter on infants where the treating physician has ordered use of an umbilical catheter. The catheter will be connected to the Neosense monitor/measuring unit.

Blood samples for blood gas analysis are collected from the patients according to the clinical routine (every 4th to 6th hour). Oxygen tension data from the Neosense measuring system, from the time points when a blood gas sample was collected, will be recorded. This data will be compared to the oxygen tension value from the blood gas sample collected at the same time point. The blood gas samples will be analysed according to clinical and laboratory routine.

The infants will remain in the study as long as the Neosense measuring system is used",NO,"Catheter|Newborn, Infant, Disease|Lung Diseases",DEVICE: Neosense Umbilical Catheter,"Measurement performance (continuously) of an intravascular oxygen sensor in the Neosense system, The oxygen tension measured by the Neosense system, compared to the oxygen tension measured by a blood gas analyser., Measurement comparisons done at every blood gas sample, i.e. every 4th - 6th hour during the study (up to 8 days)","Clinical complications with the Neosense catheter., The number of occasions when the Neosense catheter had to be removed and the underlying reason. This includes all anticipated device effects as well as placing the catheter in the wrong vessel, impossible to measure blood pressure, collect blood samples and/or administer fluids., Time Frame: During study, up to 8 days|Any deviations from normal procedures when inserting an umbilical catheter, Number of attempts to place the catheter for each patient., During day 1|Number of monitor lock up or battery depletions, Timepoint for monitor lock up or battery depletion, in case of occurrence, During study, in average 4-5 days|Adverse device effects of the Neosense monitor., Occurence of anticipated adverse device effects for the monitor., During study, in average 4-5 days|Any deviations from normal procedures when inserting an umbilical catheter., Any accessories needed to introduce the Neosense catheter., During day 1|Any deviations from normal procedures when inserting an umbilical catheter., Any accessories needed to handle the Neosense catheter during insertion., During day 1",Neosense Technologies,,INTERVENTIONAL,15-12-2022,16-06-2023,,"Danderyd Hospital, Danderyd, Sweden|Karolinska University Hospital, Huddinge, Sweden|Karolinska University Hospital, Solna, Sweden|Södersjukhuset, Stockholm, Sweden|Uppsala University Children's Hospital, Uppsala, Sweden","The study is a non-blinded trial with one single intervention in sick newborn infants. The Neosense umbilical catheter will be used instead of the routinely used umbilical catheter on infants where the treating physician has ordered use of an umbilical catheter. The catheter will be connected to the Neosense monitor/measuring unit.

Blood samples for blood gas analysis are collected from the patients according to the clinical routine (every 4th to 6th hour). Oxygen tension data from the Neosense measuring system, from the time points when a blood gas sample was collected, will be recorded. This data will be compared to the oxygen tension value from the blood gas sample collected at the same time point. The blood gas samples will be analysed according to clinical and laboratory routine.

The infants will remain in the study as long as the Neosense measuring system is used Catheter|Newborn, Infant, Disease|Lung Diseases",,0
NCT03031379,Shortened Preoperative Fasts in ICU,https://clinicaltrials.gov/study/NCT03031379,COMPLETED,Randomized controlled trial assessing the safety and benefits of shortening preoperative fasts on intubated ICU patients undergoing tracheotomy.,NO,Intubated ICU Patients,OTHER: shortened fast,"Calories delivered, Calories delivered before and after surgery, 72 hours","Aspiration, intraoperative or postoperative aspiration, 5 days",Montefiore Medical Center,,INTERVENTIONAL,2012-04,2014-04,,"Montefiore Medical Center, Bronx, New York, 10467, United States",Randomized controlled trial assessing the safety and benefits of shortening preoperative fasts on intubated ICU patients undergoing tracheotomy. Intubated ICU Patients,,1
NCT03565679,SpO2 Accuracy Comparison of Medline ReNewal Sensors to Arterial Blood CO-Oximetry,https://clinicaltrials.gov/study/NCT03565679,COMPLETED,"The purpose of this clinical study is to validate the SpO2 accuracy of the Medline ReNewal pulse oximetry sensors during non-motion conditions over the range of 70-100% SaO2 as compared to arterial blood samples assessed by CO-Oximetry. The end goal is to provide supporting documentation for the SpO2 accuracy validation of the ReNewal sensors.

It is required that the Accuracy Root Mean Square (ARMS) performance of the ReNewal pulse oximetry sensors will meet a specification of 3 or better in non-motion conditions for the range of 70 - 100% SaO2 thereby demonstrating an acceptable SpO2 accuracy performance specification.",YES,Arterial Oxygen Saturation|Healthy,DEVICE: MEDLINE RENEWAL PULSE OXIMETRY SENSORS|DEVICE: CO-OXIMETRY SENSORS,"SpO2 Percentage Specification, Percentage of SpO2 (oxygen saturation by pulse oximetry) measured by the Reprocessed Oximeter pulse oximetry sensors during non-motion conditions over the range of 70-100% SaO2 as compared to arterial blood samples assessed by CO-Oximetry.

The Accuracy root mean square (ARMS) between measured SpO2 and reference SaO2 (arterial oxygen saturation) must meett the 3% specification for each Medline Renewal Reprocessed pulse oximetry sensor style., 2 hours",,Medline Industries,"Clinimark, LLC",INTERVENTIONAL,09-05-2018,10-05-2018,10-06-2019,"Clinimark Desaturation Laboratory, Site ID# 001, Louisville, Colorado, 80027, United States","The purpose of this clinical study is to validate the SpO2 accuracy of the Medline ReNewal pulse oximetry sensors during non-motion conditions over the range of 70-100% SaO2 as compared to arterial blood samples assessed by CO-Oximetry. The end goal is to provide supporting documentation for the SpO2 accuracy validation of the ReNewal sensors.

It is required that the Accuracy Root Mean Square (ARMS) performance of the ReNewal pulse oximetry sensors will meet a specification of 3 or better in non-motion conditions for the range of 70 - 100% SaO2 thereby demonstrating an acceptable SpO2 accuracy performance specification. Arterial Oxygen Saturation|Healthy",,0
NCT02266979,Study to Determine Appropriate Nurse: Patient Ratios in Peritoneal Dialysis Programs,https://clinicaltrials.gov/study/NCT02266979,COMPLETED,"As the resolution of the Brazilian Federal Council of Nursing (COFEN) sizing the framework of nursing professionals is essential to ensure the safety and quality of patient care. To achieve such goals actions are needed to evaluate the variety of tasks and performance specific to each area in nursing profession. The National Agency for Health Surveillance (ANVISA), through Board Resolution (RDC-154) determines that the nurse to patient ratio is 1 to 30 in hemodialysis and 1 to 50 on peritoneal dialysis, however these targets are not based on any evidence, and same apply to other Latin-American countries. Objective: To determine the appropriate nurse: patient ratio for peritoneal dialysis unit. Method: This research will be developed in two phases. The first with an observational design with descriptive and qualitative approach. There will be a focus group with experts in the field, to defined the activities and responsibilities of the peritoneal dialysis nurse, and produce a tool with a list of activities. A time-orientated score will be created. In the second stage a cross-sectional quantitative approach will be used. To apply the instrument from by direct observation of activities performed by nurses during their workday. With the instrument activities will be timed and the overall time of each nursing activity will be determined by multiplying the time spent by the total number of patients. It is expected tat this strategy will increase time on treatment and/or decrease dropout rates, by developing an easy test/ formula application to determine the correct ratio according to the peritoneal dialysis program. This tool will provide better outcomes for patients as well as allow for growth of peritoneal dialysis programs with qualified assistance and patient safety.",NO,Chronic Renal Failure,,"number of activities ( direct or indirect care) performed by peritoneal dialysis nurse, after focal groups a list we all activities performed by PD nurses will be prepared, 6 months","time to perform activities, the time spend to perform each activities will be measured to calculate time spent with patients, 6 months",Ana Elizabeth Prado Lima Figueiredo,,OBSERVATIONAL,2014-06,2016-09,,"Pontificia Universidade Católica Rio Grande do Sul, Porto Alegre, Rio Grande do Sul, 90.619-900, Brazil","As the resolution of the Brazilian Federal Council of Nursing (COFEN) sizing the framework of nursing professionals is essential to ensure the safety and quality of patient care. To achieve such goals actions are needed to evaluate the variety of tasks and performance specific to each area in nursing profession. The National Agency for Health Surveillance (ANVISA), through Board Resolution (RDC-154) determines that the nurse to patient ratio is 1 to 30 in hemodialysis and 1 to 50 on peritoneal dialysis, however these targets are not based on any evidence, and same apply to other Latin-American countries. Objective: To determine the appropriate nurse: patient ratio for peritoneal dialysis unit. Method: This research will be developed in two phases. The first with an observational design with descriptive and qualitative approach. There will be a focus group with experts in the field, to defined the activities and responsibilities of the peritoneal dialysis nurse, and produce a tool with a list of activities. A time-orientated score will be created. In the second stage a cross-sectional quantitative approach will be used. To apply the instrument from by direct observation of activities performed by nurses during their workday. With the instrument activities will be timed and the overall time of each nursing activity will be determined by multiplying the time spent by the total number of patients. It is expected tat this strategy will increase time on treatment and/or decrease dropout rates, by developing an easy test/ formula application to determine the correct ratio according to the peritoneal dialysis program. This tool will provide better outcomes for patients as well as allow for growth of peritoneal dialysis programs with qualified assistance and patient safety. Chronic Renal Failure",,0
NCT00170079,Prolonged Smoking Cessation Using Prescription Step Care,https://clinicaltrials.gov/study/NCT00170079,COMPLETED,"Smoking is the number one preventable cause of morbidity and mortality in this nation. Unfortunately, more than 50% of those who quit following a smoking cessation intervention typically relapse within two weeks, with approximately 80% relapsing within six months. Therefore, tobacco use can be conceptualized as a chronic condition. As with many chronic medical problems, tobacco use interventions may benefit from a step care approach to treatment.

A total of 400 adult smokers will be enrolled in the study. Participants will be randomly assigned to one of two treatment conditions consisting of: 1) A State of the Art Smoking Cessation Intervention + Recycling or: 2) A State of the Art Smoking Cessation Intervention + Step Care. Long term smoking cessation will be assessed by self-report, exhaled carbon monoxide levels, and salivary cotinine. The primary endpoint of the study will be smoking abstinence rates at two-year follow-up. It is predicted that long-term cessation rates will be significantly higher in the step care condition than for those assigned to the recycling group.",NO,Tobacco Dependence,BEHAVIORAL: Smoking Cessation Intervention,"Long term smoking cessation using both prolonged and point prevalence abstinence criteria, 24 months",,University of Tennessee,National Cancer Institute (NCI),INTERVENTIONAL,2005-04,2011-06,,"Mayo Clinic, Rochester, Minnesota, 55905, United States|University of Tennessee, Memphis, Tennessee, 38163, United States","Smoking is the number one preventable cause of morbidity and mortality in this nation. Unfortunately, more than 50% of those who quit following a smoking cessation intervention typically relapse within two weeks, with approximately 80% relapsing within six months. Therefore, tobacco use can be conceptualized as a chronic condition. As with many chronic medical problems, tobacco use interventions may benefit from a step care approach to treatment.

A total of 400 adult smokers will be enrolled in the study. Participants will be randomly assigned to one of two treatment conditions consisting of: 1) A State of the Art Smoking Cessation Intervention + Recycling or: 2) A State of the Art Smoking Cessation Intervention + Step Care. Long term smoking cessation will be assessed by self-report, exhaled carbon monoxide levels, and salivary cotinine. The primary endpoint of the study will be smoking abstinence rates at two-year follow-up. It is predicted that long-term cessation rates will be significantly higher in the step care condition than for those assigned to the recycling group. Tobacco Dependence",,0
NCT05800379,Study on Hospitalization of Children With Bronchial Asthma,https://clinicaltrials.gov/study/NCT05800379,RECRUITING,"Bronchial asthma is the most common chronic respiratory disease in children. At present, more attention has been paid to the treatment of airway inflammation and smooth muscle spasm, while the related research on the risk factors of asthma attack, mucus plug formation and its effect on asthma has been ignored. This study was a retrospective study. Children hospitalized for acute exacerbation of asthma from 2016 to 2021 were selected as the research objects. The clinical manifestations, bronchoscopy results and lung CT results of children hospitalized for acute exacerbation of asthma were summarized. To analyze the risk factors of acute exacerbation, clinical characteristics, risk factors of mucus plug formation in hospitalized children with asthma, and the safety and efficacy of flexible bronchoscopy in the diagnosis and treatment of hospitalized children with asthma. The discharged children were investigated by written or online questionnaires to understand the acute attack of asthma, control level, compliance, appliability of the China Children's Asthma Action Plan, family management and medical utilization of children with asthma after discharge.",NO,Asthma in Children,,"Clinical characteristics of hospitalized children with acute asthma attack, clinical characteristics includes: age, sex, asthma severity (mild, severe), asthma inducing factors(infection, allergy, smoke, excerise) and hospitalization expenses, From January 2016 to December 2021|Influencing factors of acute attack severity in hospitalized children with asthma, age, sex, allergy history, birth history, family history, the severity of asthma exacerbation, lung function and lung computed tomography, From January 2016 to December 2021|Risk factors for acute exacerbation of asthma with respiratory failure in children, The proportion of children hospitalized for acute exacerbation of asthma with respiratory failure, and age, sex, allergy history（with or without）, family history (asthma, atopic dermatitis,rhinitis and allergy), the severity of asthma exacerbation(mild, severe), lung function (normal, abnormal) and lung computed tomography(normal, abnormal), From January 2016 to December 2021|Risk factors for mucus plug formation in hospitalized children with asthma exacerbation, The results of lung CT examination in children with asthma(normal, abnormal), the incidence of mucus plug in hospitalized children with asthma, From January 2016 to December 2021|Identification of mucus plugs in hospitalized children with asthma, Using mucus scoring system which was based on bronchopulmonary segmental anatomy identified mucus plugs in hospitalized children with asthma. Each bronchopulmonary segment was given a score of 1 (mucus plug present) or 0 (mucus plug absent). The segment scores of each lobe were summed to generate a total mucus score for both lungs, yielding a mucus score ranging from 0-20., From January 2016 to December 2021",,Beijing Children's Hospital,,OBSERVATIONAL,01-07-2023,01-04-2025,,"Beijing Children's Hospital affiliated to Capital Medical University, Beijing, China","Bronchial asthma is the most common chronic respiratory disease in children. At present, more attention has been paid to the treatment of airway inflammation and smooth muscle spasm, while the related research on the risk factors of asthma attack, mucus plug formation and its effect on asthma has been ignored. This study was a retrospective study. Children hospitalized for acute exacerbation of asthma from 2016 to 2021 were selected as the research objects. The clinical manifestations, bronchoscopy results and lung CT results of children hospitalized for acute exacerbation of asthma were summarized. To analyze the risk factors of acute exacerbation, clinical characteristics, risk factors of mucus plug formation in hospitalized children with asthma, and the safety and efficacy of flexible bronchoscopy in the diagnosis and treatment of hospitalized children with asthma. The discharged children were investigated by written or online questionnaires to understand the acute attack of asthma, control level, compliance, appliability of the China Children's Asthma Action Plan, family management and medical utilization of children with asthma after discharge. Asthma in Children",,0
NCT01609179,IPI-926 Extension Protocol for Continuation of Treatment With IPI-926,https://clinicaltrials.gov/study/NCT01609179,COMPLETED,A treatment protocol that enables patients to have continued access to IPI-926.,NO,Basal Cell Carcinoma|Chondrosarcoma,DRUG: IPI-926,"Incidence of adverse events (AEs) and serious adverse events (SAEs), and laboratory test results, Monitoring of AEs, including SAEs as well as review of laboratory sample test data to assess safety and tolerability of IPI-926, Up to 30 days after the last patient study visit",,"Infinity Pharmaceuticals, Inc.",,INTERVENTIONAL,2012-03,2012-11,,"University of Colorado Denver, Aurora, Colorado, 80045, United States|Johns Hopkins, Baltimore, Maryland, 21205, United States",A treatment protocol that enables patients to have continued access to IPI-926. Basal Cell Carcinoma|Chondrosarcoma,,1
NCT03366779,A Post Marketing Surveillance Study,https://clinicaltrials.gov/study/NCT03366779,ACTIVE_NOT_RECRUITING,"This study is a prospective, multi-center study to monitor the early safety and performance of one iteration of the Barricaid Anular Closure Device (ACD) - 6mm anchor width, when used as an adjunct to limited discectomy.",NO,Lumbar Disc Herniation|Annular Disc Tear|Annular Tear of Lumbar Disc,DEVICE: 6mm annular closure device,"Device stability, To be considered a success the subjects would require to have a lack of implant migration through 3 months after surgery, 3 months post implantation","Device condition, reoperation at index level and long term performance, Will be analyzed and compared to available clinical and commercial data on the Barricaid device, Through 24Month post implantation|Visual Analog Scale - leg pain, Change in leg pain as measured using a Visual Analog Scale (VAS), on a scale of 0-100, with lower values representing better outcome., Through 24Month post implantation|Visual Analog scale - back pain, Change in back pain as measured using a Visual Analog Scale (VAS), on a scale of 0-100, with lower values representing better outcome., Through 24Month post implantation|Oswestry Disability Index, Change in function as measured using the Oswestry Disability Index (ODI), Through 24Month post implantation",Intrinsic Therapeutics,,INTERVENTIONAL,16-01-2018,2024-12,,"OLVZ Aalst, Aalst, 9300, Belgium|Klinikum Itzehoe, Itzehoe, 25524, Germany","This study is a prospective, multi-center study to monitor the early safety and performance of one iteration of the Barricaid Anular Closure Device (ACD) - 6mm anchor width, when used as an adjunct to limited discectomy. Lumbar Disc Herniation|Annular Disc Tear|Annular Tear of Lumbar Disc",,1
NCT01977079,Procalcitonin and Threatened Premature Delivery,https://clinicaltrials.gov/study/NCT01977079,TERMINATED,"Among all patients hospitalized for Threatened Premature Delivery (TPD), the rate of premature birth (PB) before 37 weeks is about 42%, which reflects the inability to accurately identify patients at high risk of PB. Currently, no clinical or biological marker is recognized as the most reliable in predicting the real risk of AP in case of MAP.

The purpose of this study is to improve the knowledge of predictors of preterm delivery compared with conventional blood markers by estimating serum procalcitonin according to premature delivery or not in patients hospitalized for preterm labor .",NO,Pregnancy|Premature Delivery,OTHER: procalcitonin,"procalcitonin rate, Estimate serum procalcitonin according to premature or not in patients hospitalized for preterm labor., up to 48 hours",,Centre Hospitalier Departemental Vendee,,INTERVENTIONAL,2013-12,2016-07,,"Centre hospitalier départemental Vendée, La Roche sur Yon, 85925, France","Among all patients hospitalized for Threatened Premature Delivery (TPD), the rate of premature birth (PB) before 37 weeks is about 42%, which reflects the inability to accurately identify patients at high risk of PB. Currently, no clinical or biological marker is recognized as the most reliable in predicting the real risk of AP in case of MAP.

The purpose of this study is to improve the knowledge of predictors of preterm delivery compared with conventional blood markers by estimating serum procalcitonin according to premature delivery or not in patients hospitalized for preterm labor . Pregnancy|Premature Delivery",,0
NCT05943379,RC48-ADC in Combination With Gemcitabine in High Risk NMIBC Subjects,https://clinicaltrials.gov/study/NCT05943379,RECRUITING,"In this study, participants with high risk non-muscle-invasive bladder cancer (NMIBC) who are BCG Naïve or BCG Unresponsive and are considered ineligible for or have refused to undergo radical cystectomy, will receive RC48-ADC in combination with gemcitabine.",NO,NMIBC,DRUG: RC48-ADC in Combination with gemcitabine,"12-month Disease Free Survival Rate, 12 month","Complete Response Rate, 3 month|6-month Disease Free Survival Rate, 6 month|18-month Disease Free Survival Rate, 18 month|24-month Disease Free Survival Rate, 24 month|Recurrence-free survival, up to 24 months|Progression-Free Survival, up to 24 months|Overall Survival, up to 5 years","RemeGen Co., Ltd.",,INTERVENTIONAL,08-06-2023,01-12-2026,,"Peking University First Hosptital, Beijing, Beijing, 100034, China","In this study, participants with high risk non-muscle-invasive bladder cancer (NMIBC) who are BCG Naïve or BCG Unresponsive and are considered ineligible for or have refused to undergo radical cystectomy, will receive RC48-ADC in combination with gemcitabine. NMIBC",,1
NCT01359579,A Study of the Pharmacokinetics and Safety of Varespladib in Subjects With Normal or Impaired Renal Function,https://clinicaltrials.gov/study/NCT01359579,TERMINATED,The purpose of this study is to compare and evaluate the pharmacokinetic characteristics and the safety of varespladib methyl in mild or moderate renal impairment patients and healthy volunteers.,NO,Renal Impairment,DRUG: varespladib methyl,"Measure of blood and urine levels of varespladib in subjects with renal impairment in comparison to subjects with normal renal function, PK samples will be collected predose and 0.5, 1, 1.5, 2, 3, 4, 6, 9, 12, 24, 48, and 72 hours postdose","Safety measures to include adverse events and changes in clinical laboratory results, From admistration of study drug through follow-up on Day 8",Anthera Pharmaceuticals,,INTERVENTIONAL,2011-06,2012-06,,"Investigator Site 101, Orlando, Florida, 32809, United States|Investigator Site 102, Minneapolis, Minnesota, 55404, United States|Investigator Site 103, Knoxville, Tennessee, 37920, United States",The purpose of this study is to compare and evaluate the pharmacokinetic characteristics and the safety of varespladib methyl in mild or moderate renal impairment patients and healthy volunteers. Renal Impairment,,1
NCT04361279,A Study Comparing SIBP-02 and Rituximab Combination With CHOP in Previously Untreated Subjects With CD20+ DLBCL,https://clinicaltrials.gov/study/NCT04361279,COMPLETED,"This is a randomised, double-blind, positive drug parallel controlled equivalence clinical trial initiated at about 30 sites in China.

In the trial, it is planned to enroll 414 subjects, randomized to two treatment groups in a ratio of 1:1 to receive the test drug and the positive control.",NO,Diffuse Large B-Cell Lymphoma,DRUG: SIBP-02|DRUG: Rituximab,"Overall Response Rate (ORR), defined as the proportion of patients with Complete Response (CR) and Partial Response (PR) in accordance with the evaluation criteria of the International Working Group (IWG) Lymphoma Efficacy Evaluation System (2007), After 6 cycles of treatment, each cycle is 3 weeks",,Shanghai Institute Of Biological Products,,INTERVENTIONAL,25-07-2019,20-05-2022,,"The First Affiliated Hospital of College of Medicine, Zhejiang University, Hangzhou, China","This is a randomised, double-blind, positive drug parallel controlled equivalence clinical trial initiated at about 30 sites in China.

In the trial, it is planned to enroll 414 subjects, randomized to two treatment groups in a ratio of 1:1 to receive the test drug and the positive control. Diffuse Large B-Cell Lymphoma",,1
NCT03966079,Thrombolysis Endovascular Treatment of Pulmonary Embolism,https://clinicaltrials.gov/study/NCT03966079,COMPLETED,To assess the efficacy and safety of endovascular thrombolysis of pulmonary embolism with right ventricular dysfunction with single-dose rtPA,NO,Pulmonary Embolism|Acute Pulmonary Embolism,DRUG: recombinant tissue plasminogen activator,"Change of RV to LV Diameter Ratio, Determine whether single-dose rtpa catheter-directed thrombolysis decrease the ratio of right ventricular (RV)-to-left ventricular (LV) diameter within 1month in patients with right ventricular dysfunction, baseline and 30days after baseline","Rate of death, 30days|Rate of major Bleeding, 30days|Pulmonary embolism recurrence, 30days",Beijing Tsinghua Chang Gung Hospital,,INTERVENTIONAL,01-01-2017,31-01-2020,,"Beijing Tsinghua Chang Gung Hospital, Beijing, Beijing, 102218, China",To assess the efficacy and safety of endovascular thrombolysis of pulmonary embolism with right ventricular dysfunction with single-dose rtPA Pulmonary Embolism|Acute Pulmonary Embolism,,1
NCT01186679,Safety and Efficacy of Autologous Bone Marrow Stem Cells in Treating Spinal Cord Injury,https://clinicaltrials.gov/study/NCT01186679,COMPLETED,"The projected data related to the burden of spinal cord injuries induced limb paralysis in India is quite alarming. This is attributed to the rapid industrialization and economical development in the country. Increase in vehicular traffic has caused numerous road traffic accidents. Rapid increase in populations, development in the computer technology and real estate business lead to construction of huge buildings which indirectly adds to the injuries due to fall. Spinal cord injuries could not be treated adequately with the prevailing treatment modalities. In view of this, there is definitely an urgent need for finding different methods of treatment for these patients who cannot undergo established modalities of treatment or these have been tried unsuccessfully. Since a large number of these patients will loose their productive life and at the prime of their lives, one such alternate therapy, which seems to offer some promise, is ""stem cell"" therapy, which has been well studied and published in prestigious journals.

In our present study, we want to evaluate the safety and efficacy of autologous bone marrow derived stem cells surgically transplanted directly into the lesion site with glial scar resection for 8 indian patients of chronic spinal cord injury and intra-thecal injection for 4 indian patients of acute and subacute injury.",NO,Spinal Cord Injuries,PROCEDURE: laminectomy|PROCEDURE: Intrathecal,"Number of Participants with adverse events as a measure of safety and tolerability. Significant clinical improvement in ASIA impairment scale and general condition, American Spinal Injury Assessment scale of A,B,C,D or E, 18 months","Changes in the MRI, Neurological improvement (cranial/spinal reflexes) and evoked potentials study, MRI findings of the lesion, Nerve conduction studies of the region and somatosensory evoked potentials of the same region, 18 months",International Stemcell Services Limited,,INTERVENTIONAL,2008-01,2010-08,,"Sita Bhateja Speciality Hospital, Bangalore, Karnataka, 560025, India","The projected data related to the burden of spinal cord injuries induced limb paralysis in India is quite alarming. This is attributed to the rapid industrialization and economical development in the country. Increase in vehicular traffic has caused numerous road traffic accidents. Rapid increase in populations, development in the computer technology and real estate business lead to construction of huge buildings which indirectly adds to the injuries due to fall. Spinal cord injuries could not be treated adequately with the prevailing treatment modalities. In view of this, there is definitely an urgent need for finding different methods of treatment for these patients who cannot undergo established modalities of treatment or these have been tried unsuccessfully. Since a large number of these patients will loose their productive life and at the prime of their lives, one such alternate therapy, which seems to offer some promise, is ""stem cell"" therapy, which has been well studied and published in prestigious journals.

In our present study, we want to evaluate the safety and efficacy of autologous bone marrow derived stem cells surgically transplanted directly into the lesion site with glial scar resection for 8 indian patients of chronic spinal cord injury and intra-thecal injection for 4 indian patients of acute and subacute injury. Spinal Cord Injuries",,0
